[debug] [2026-05-08T00:30:11.043Z] ----------------------------------------------------------------------
[debug] [2026-05-08T00:30:11.050Z] Command:       /usr/local/bin/firebase /Users/daniel/.cache/firebase/tools/lib/node_modules/firebase-tools/lib/bin/firebase deploy --only functions
[debug] [2026-05-08T00:30:11.050Z] CLI Version:   15.16.0
[debug] [2026-05-08T00:30:11.050Z] Platform:      darwin
[debug] [2026-05-08T00:30:11.050Z] Node Version:  v20.18.2
[debug] [2026-05-08T00:30:11.051Z] Time:          Fri May 08 2026 10:30:11 GMT+1000 (Australian Eastern Standard Time)
[debug] [2026-05-08T00:30:11.051Z] ----------------------------------------------------------------------
[debug] 
[debug] [2026-05-08T00:30:11.855Z] > command requires scopes: ["email","openid","https://www.googleapis.com/auth/cloudplatformprojects.readonly","https://www.googleapis.com/auth/firebase","https://www.googleapis.com/auth/cloud-platform"]
[debug] [2026-05-08T00:30:11.856Z] > authorizing via signed-in user (accounts@codezerolabs.com)
[debug] [2026-05-08T00:30:11.857Z] [iam] checking project code-zero-labs for permissions ["cloudfunctions.functions.create","cloudfunctions.functions.delete","cloudfunctions.functions.get","cloudfunctions.functions.list","cloudfunctions.functions.update","cloudfunctions.operations.get","firebase.projects.get"]
[debug] [2026-05-08T00:30:11.859Z] Checked if tokens are valid: true, expires at: 1778201409725
[debug] [2026-05-08T00:30:11.860Z] Checked if tokens are valid: true, expires at: 1778201409725
[debug] [2026-05-08T00:30:11.860Z] >>> [apiv2][query] POST https://cloudresourcemanager.googleapis.com/v1/projects/code-zero-labs:testIamPermissions [none]
[debug] [2026-05-08T00:30:11.861Z] >>> [apiv2][(partial)header] POST https://cloudresourcemanager.googleapis.com/v1/projects/code-zero-labs:testIamPermissions  x-goog-user-project=code-zero-labs
[debug] [2026-05-08T00:30:11.861Z] >>> [apiv2][body] POST https://cloudresourcemanager.googleapis.com/v1/projects/code-zero-labs:testIamPermissions {"permissions":["cloudfunctions.functions.create","cloudfunctions.functions.delete","cloudfunctions.functions.get","cloudfunctions.functions.list","cloudfunctions.functions.update","cloudfunctions.operations.get","firebase.projects.get"]}
[debug] [2026-05-08T00:30:13.056Z] <<< [apiv2][status] POST https://cloudresourcemanager.googleapis.com/v1/projects/code-zero-labs:testIamPermissions 200
[debug] [2026-05-08T00:30:13.057Z] <<< [apiv2][body] POST https://cloudresourcemanager.googleapis.com/v1/projects/code-zero-labs:testIamPermissions {"permissions":["cloudfunctions.functions.create","cloudfunctions.functions.delete","cloudfunctions.functions.get","cloudfunctions.functions.list","cloudfunctions.functions.update","cloudfunctions.operations.get","firebase.projects.get"]}
[debug] [2026-05-08T00:30:13.057Z] Checked if tokens are valid: true, expires at: 1778201409725
[debug] [2026-05-08T00:30:13.057Z] Checked if tokens are valid: true, expires at: 1778201409725
[debug] [2026-05-08T00:30:13.058Z] >>> [apiv2][query] POST https://iam.googleapis.com/v1/projects/code-zero-labs/serviceAccounts/code-zero-labs@appspot.gserviceaccount.com:testIamPermissions [none]
[debug] [2026-05-08T00:30:13.058Z] >>> [apiv2][body] POST https://iam.googleapis.com/v1/projects/code-zero-labs/serviceAccounts/code-zero-labs@appspot.gserviceaccount.com:testIamPermissions {"permissions":["iam.serviceAccounts.actAs"]}
[debug] [2026-05-08T00:30:14.474Z] <<< [apiv2][status] POST https://iam.googleapis.com/v1/projects/code-zero-labs/serviceAccounts/code-zero-labs@appspot.gserviceaccount.com:testIamPermissions 200
[debug] [2026-05-08T00:30:14.475Z] <<< [apiv2][body] POST https://iam.googleapis.com/v1/projects/code-zero-labs/serviceAccounts/code-zero-labs@appspot.gserviceaccount.com:testIamPermissions {"permissions":["iam.serviceAccounts.actAs"]}
[info] 
[info] === Deploying to 'code-zero-labs'...
[info] 
[info] i  deploying functions 
[debug] [2026-05-08T00:30:14.480Z] Checked if tokens are valid: true, expires at: 1778201409725
[debug] [2026-05-08T00:30:14.481Z] Checked if tokens are valid: true, expires at: 1778201409725
[debug] [2026-05-08T00:30:14.481Z] >>> [apiv2][query] GET https://cloudresourcemanager.googleapis.com/v1/projects/code-zero-labs [none]
[debug] [2026-05-08T00:30:14.734Z] <<< [apiv2][status] GET https://cloudresourcemanager.googleapis.com/v1/projects/code-zero-labs 200
[debug] [2026-05-08T00:30:14.735Z] <<< [apiv2][body] GET https://cloudresourcemanager.googleapis.com/v1/projects/code-zero-labs {"projectNumber":"168689086085","projectId":"code-zero-labs","lifecycleState":"ACTIVE","name":"Code Zero Labs","labels":{"firebase":"enabled","firebase-core":"disabled"},"createTime":"2026-04-03T02:35:37.157Z"}
[info] i  functions: preparing codebase default for deployment 
[info] i  functions: ensuring required API cloudfunctions.googleapis.com is enabled... 
[info] i  functions: ensuring required API cloudbuild.googleapis.com is enabled... 
[info] i  artifactregistry: ensuring required API artifactregistry.googleapis.com is enabled... 
[debug] [2026-05-08T00:30:14.740Z] Checked if tokens are valid: true, expires at: 1778201409725
[debug] [2026-05-08T00:30:14.740Z] Checked if tokens are valid: true, expires at: 1778201409725
[debug] [2026-05-08T00:30:14.740Z] >>> [apiv2][query] GET https://firebase.googleapis.com/v1beta1/projects/code-zero-labs/adminSdkConfig [none]
[debug] [2026-05-08T00:30:15.501Z] <<< [apiv2][status] GET https://firebase.googleapis.com/v1beta1/projects/code-zero-labs/adminSdkConfig 200
[debug] [2026-05-08T00:30:15.502Z] <<< [apiv2][body] GET https://firebase.googleapis.com/v1beta1/projects/code-zero-labs/adminSdkConfig {"projectId":"code-zero-labs","storageBucket":"code-zero-labs.firebasestorage.app"}
[debug] [2026-05-08T00:30:15.502Z] Checked if tokens are valid: true, expires at: 1778201409725
[debug] [2026-05-08T00:30:15.502Z] Checked if tokens are valid: true, expires at: 1778201409725
[debug] [2026-05-08T00:30:15.502Z] >>> [apiv2][query] GET https://runtimeconfig.googleapis.com/v1beta1/projects/code-zero-labs/configs [none]
[debug] [2026-05-08T00:30:17.021Z] <<< [apiv2][status] GET https://runtimeconfig.googleapis.com/v1beta1/projects/code-zero-labs/configs 200
[debug] [2026-05-08T00:30:17.021Z] <<< [apiv2][body] GET https://runtimeconfig.googleapis.com/v1beta1/projects/code-zero-labs/configs {}
[debug] [2026-05-08T00:30:17.025Z] Validating nodejs source
[warn] ⚠  functions: Runtime Node.js 20 was deprecated on 2026-04-30 and will be decommissioned on 2026-10-30, after which you will not be able to deploy without upgrading. Consider upgrading now to avoid disruption. See https://cloud.google.com/functions/docs/runtime-support for full details on the lifecycle policy 
[debug] [2026-05-08T00:30:17.045Z] checkFunctionsSDKVersion was unable to fetch information from NPM Error: spawnSync npm Unknown system error -8
    at Object.spawnSync (node:internal/child_process:1123:20)
    at Object.spawnSync (node:child_process:877:24)
    at Object.spawnSync (pkg/prelude/bootstrap.js:2092:31)
    at Function.spawnSync [as sync] (/Users/daniel/.cache/firebase/tools/lib/node_modules/cross-spawn/index.js:26:23)
    at Object.getLatestSDKVersion (/Users/daniel/.cache/firebase/tools/lib/node_modules/firebase-tools/lib/deploy/functions/runtimes/node/versioning.js:55:25)
    at Object.checkFunctionsSDKVersion (/Users/daniel/.cache/firebase/tools/lib/node_modules/firebase-tools/lib/deploy/functions/runtimes/node/versioning.js:74:32)
    at Delegate.validate (/Users/daniel/.cache/firebase/tools/lib/node_modules/firebase-tools/lib/deploy/functions/runtimes/node/index.js:88:20)
    at loadCodebases (/Users/daniel/.cache/firebase/tools/lib/node_modules/firebase-tools/lib/deploy/functions/prepare.js:378:31)
    at async prepare (/Users/daniel/.cache/firebase/tools/lib/node_modules/firebase-tools/lib/deploy/functions/prepare.js:73:24)
    at async chain (/Users/daniel/.cache/firebase/tools/lib/node_modules/firebase-tools/lib/deploy/index.js:45:9)
[debug] [2026-05-08T00:30:17.046Z] > [functions] package.json contents: {
  "name": "portal-functions",
  "private": true,
  "engines": {
    "node": "20"
  },
  "main": "lib/index.js",
  "scripts": {
    "build": "tsc",
    "serve": "firebase emulators:start --only functions",
    "deploy": "firebase deploy --only functions"
  },
  "dependencies": {
    "firebase-admin": "^13.0.2",
    "firebase-functions": "^6.3.0",
    "stripe": "^18.2.0"
  },
  "devDependencies": {
    "typescript": "^5.7.2"
  }
}
[debug] [2026-05-08T00:30:17.046Z] Building nodejs source
[info] i  functions: Loading and analyzing source code for codebase default to determine what to deploy 
[debug] [2026-05-08T00:30:17.049Z] Could not find functions.yaml. Must use http discovery
[debug] [2026-05-08T00:30:17.065Z] Found firebase-functions binary at '/Users/daniel/Documents/Company/App Development/Code Zero Labs/Web App/Portal/functions/node_modules/.bin/firebase-functions'
[info] Serving at port 8873

[debug] [2026-05-08T00:30:17.917Z] Got response from /__/functions.yaml {"endpoints":{"updatePaymentMethod":{"platform":"gcfv1","labels":{},"availableMemoryMb":null,"timeoutSeconds":null,"minInstances":null,"maxInstances":null,"ingressSettings":null,"serviceAccountEmail":null,"vpc":null,"callableTrigger":{},"entryPoint":"updatePaymentMethod"},"deletePaymentMethod":{"platform":"gcfv1","labels":{},"availableMemoryMb":null,"timeoutSeconds":null,"minInstances":null,"maxInstances":null,"ingressSettings":null,"serviceAccountEmail":null,"vpc":null,"callableTrigger":{},"entryPoint":"deletePaymentMethod"},"crmHealth":{"platform":"gcfv1","availableMemoryMb":null,"timeoutSeconds":null,"minInstances":null,"maxInstances":null,"ingressSettings":null,"serviceAccountEmail":null,"vpc":null,"httpsTrigger":{},"entryPoint":"crmHealth"}},"specVersion":"v1alpha1","requiredAPIs":[],"extensions":{}}
[info] i  extensions: ensuring required API firebaseextensions.googleapis.com is enabled... 
[debug] [2026-05-08T00:30:22.001Z] > command requires scopes: ["email","openid","https://www.googleapis.com/auth/cloudplatformprojects.readonly","https://www.googleapis.com/auth/firebase","https://www.googleapis.com/auth/cloud-platform"]
[debug] [2026-05-08T00:30:22.001Z] > authorizing via signed-in user (accounts@codezerolabs.com)
[debug] [2026-05-08T00:30:22.001Z] [iam] checking project code-zero-labs for permissions ["firebase.projects.get","firebaseextensions.instances.list"]
[debug] [2026-05-08T00:30:22.002Z] Checked if tokens are valid: true, expires at: 1778201409725
[debug] [2026-05-08T00:30:22.003Z] Checked if tokens are valid: true, expires at: 1778201409725
[debug] [2026-05-08T00:30:22.003Z] >>> [apiv2][query] POST https://cloudresourcemanager.googleapis.com/v1/projects/code-zero-labs:testIamPermissions [none]
[debug] [2026-05-08T00:30:22.003Z] >>> [apiv2][(partial)header] POST https://cloudresourcemanager.googleapis.com/v1/projects/code-zero-labs:testIamPermissions  x-goog-user-project=code-zero-labs
[debug] [2026-05-08T00:30:22.003Z] >>> [apiv2][body] POST https://cloudresourcemanager.googleapis.com/v1/projects/code-zero-labs:testIamPermissions {"permissions":["firebase.projects.get","firebaseextensions.instances.list"]}
[debug] [2026-05-08T00:30:22.393Z] <<< [apiv2][status] POST https://cloudresourcemanager.googleapis.com/v1/projects/code-zero-labs:testIamPermissions 200
[debug] [2026-05-08T00:30:22.394Z] <<< [apiv2][body] POST https://cloudresourcemanager.googleapis.com/v1/projects/code-zero-labs:testIamPermissions {"permissions":["firebase.projects.get","firebaseextensions.instances.list"]}
[debug] [2026-05-08T00:30:22.395Z] Checked if tokens are valid: true, expires at: 1778201409725
[debug] [2026-05-08T00:30:22.395Z] Checked if tokens are valid: true, expires at: 1778201409725
[debug] [2026-05-08T00:30:22.396Z] >>> [apiv2][query] GET https://firebaseextensions.googleapis.com/v1beta/projects/code-zero-labs/instances pageSize=100&pageToken=
[debug] [2026-05-08T00:30:23.766Z] <<< [apiv2][status] GET https://firebaseextensions.googleapis.com/v1beta/projects/code-zero-labs/instances 200
[debug] [2026-05-08T00:30:23.766Z] <<< [apiv2][body] GET https://firebaseextensions.googleapis.com/v1beta/projects/code-zero-labs/instances {}
[info] i  functions: preparing functions directory for uploading... 
[info] i  functions: packaged /Users/daniel/Documents/Company/App Development/Code Zero Labs/Web App/Portal/functions (41.2 KB) for uploading 
[debug] [2026-05-08T00:30:23.831Z] Checked if tokens are valid: true, expires at: 1778201409725
[debug] [2026-05-08T00:30:23.831Z] Checked if tokens are valid: true, expires at: 1778201409725
[debug] [2026-05-08T00:30:23.831Z] >>> [apiv2][query] GET https://cloudfunctions.googleapis.com/v1/projects/code-zero-labs/locations/-/functions [none]
[debug] [2026-05-08T00:30:24.799Z] <<< [apiv2][status] GET https://cloudfunctions.googleapis.com/v1/projects/code-zero-labs/locations/-/functions 200
[debug] [2026-05-08T00:30:24.800Z] <<< [apiv2][body] GET https://cloudfunctions.googleapis.com/v1/projects/code-zero-labs/locations/-/functions {}
[debug] [2026-05-08T00:30:24.801Z] Checked if tokens are valid: true, expires at: 1778201409725
[debug] [2026-05-08T00:30:24.802Z] Checked if tokens are valid: true, expires at: 1778201409725
[debug] [2026-05-08T00:30:24.805Z] >>> [apiv2][query] GET https://cloudfunctions.googleapis.com/v2/projects/code-zero-labs/locations/-/functions filter=environment%3D%22GEN_2%22
[debug] [2026-05-08T00:30:26.439Z] <<< [apiv2][status] GET https://cloudfunctions.googleapis.com/v2/projects/code-zero-labs/locations/-/functions 200
[debug] [2026-05-08T00:30:26.440Z] <<< [apiv2][body] GET https://cloudfunctions.googleapis.com/v2/projects/code-zero-labs/locations/-/functions {}
[debug] [2026-05-08T00:30:26.449Z] Checked if tokens are valid: true, expires at: 1778201409725
[debug] [2026-05-08T00:30:26.449Z] Checked if tokens are valid: true, expires at: 1778201409725
[debug] [2026-05-08T00:30:26.449Z] >>> [apiv2][query] GET https://cloudresourcemanager.googleapis.com/v1/projects/code-zero-labs [none]
[debug] [2026-05-08T00:30:26.708Z] <<< [apiv2][status] GET https://cloudresourcemanager.googleapis.com/v1/projects/code-zero-labs 200
[debug] [2026-05-08T00:30:26.708Z] <<< [apiv2][body] GET https://cloudresourcemanager.googleapis.com/v1/projects/code-zero-labs {"projectNumber":"168689086085","projectId":"code-zero-labs","lifecycleState":"ACTIVE","name":"Code Zero Labs","labels":{"firebase":"enabled","firebase-core":"disabled"},"createTime":"2026-04-03T02:35:37.157Z"}
[debug] [2026-05-08T00:30:26.712Z] Checked if tokens are valid: true, expires at: 1778201409725
[debug] [2026-05-08T00:30:26.712Z] Checked if tokens are valid: true, expires at: 1778201409725
[debug] [2026-05-08T00:30:26.713Z] >>> [apiv2][query] GET https://cloudbilling.googleapis.com/v1/projects/code-zero-labs/billingInfo [none]
[debug] [2026-05-08T00:30:27.264Z] <<< [apiv2][status] GET https://cloudbilling.googleapis.com/v1/projects/code-zero-labs/billingInfo 200
[debug] [2026-05-08T00:30:27.264Z] <<< [apiv2][body] GET https://cloudbilling.googleapis.com/v1/projects/code-zero-labs/billingInfo {"name":"projects/code-zero-labs/billingInfo","projectId":"code-zero-labs","billingAccountName":"billingAccounts/01AC8E-F7CA59-8122A9","billingEnabled":true}
[debug] [2026-05-08T00:30:27.266Z] [functions] found 1 new HTTP functions, testing setIamPolicy permission...
[debug] [2026-05-08T00:30:27.267Z] Checked if tokens are valid: true, expires at: 1778201409725
[debug] [2026-05-08T00:30:27.267Z] Checked if tokens are valid: true, expires at: 1778201409725
[debug] [2026-05-08T00:30:27.268Z] >>> [apiv2][query] POST https://cloudresourcemanager.googleapis.com/v1/projects/code-zero-labs:testIamPermissions [none]
[debug] [2026-05-08T00:30:27.268Z] >>> [apiv2][(partial)header] POST https://cloudresourcemanager.googleapis.com/v1/projects/code-zero-labs:testIamPermissions  x-goog-user-project=code-zero-labs
[debug] [2026-05-08T00:30:27.269Z] >>> [apiv2][body] POST https://cloudresourcemanager.googleapis.com/v1/projects/code-zero-labs:testIamPermissions {"permissions":["cloudfunctions.functions.setIamPolicy"]}
[debug] [2026-05-08T00:30:27.479Z] <<< [apiv2][status] POST https://cloudresourcemanager.googleapis.com/v1/projects/code-zero-labs:testIamPermissions 200
[debug] [2026-05-08T00:30:27.480Z] <<< [apiv2][body] POST https://cloudresourcemanager.googleapis.com/v1/projects/code-zero-labs:testIamPermissions {"permissions":["cloudfunctions.functions.setIamPolicy"]}
[debug] [2026-05-08T00:30:27.480Z] [functions] found setIamPolicy permission, proceeding with deploy
[debug] [2026-05-08T00:30:27.480Z] Checked if tokens are valid: true, expires at: 1778201409725
[debug] [2026-05-08T00:30:27.481Z] Checked if tokens are valid: true, expires at: 1778201409725
[debug] [2026-05-08T00:30:27.481Z] >>> [apiv2][query] POST https://cloudfunctions.googleapis.com/v1/projects/code-zero-labs/locations/us-central1/functions:generateUploadUrl [none]
[debug] [2026-05-08T00:30:27.481Z] >>> [apiv2][body] POST https://cloudfunctions.googleapis.com/v1/projects/code-zero-labs/locations/us-central1/functions:generateUploadUrl {}
[debug] [2026-05-08T00:30:28.375Z] <<< [apiv2][status] POST https://cloudfunctions.googleapis.com/v1/projects/code-zero-labs/locations/us-central1/functions:generateUploadUrl 200
[debug] [2026-05-08T00:30:28.376Z] <<< [apiv2][body] POST https://cloudfunctions.googleapis.com/v1/projects/code-zero-labs/locations/us-central1/functions:generateUploadUrl {"uploadUrl":"https://storage.googleapis.com/uploads-120034738503.us-central1.cloudfunctions.appspot.com/0a76dca8-dc60-4511-9125-6f9363e16be4.zip?GoogleAccessId=service-168689086085@gcf-admin-robot.iam.gserviceaccount.com&Expires=1778202028&Signature=twVJ%2F2%2FS8S2yGZ7TqU64572g6Wm1qhQOKtz%2Br7TJRcYkShVSMG6FMNGyUkN%2Bf%2BXLM2RyI5q%2FtDnIgd58m5XhiiSWfg2Zs1vBpDGRwmiDbnxHcdrGE4nh2yaoz1PP9bxf1Tczpbmj38GbYSD%2BtEz1KsEfBSJ7v%2FMudIT7zkai4jqW2M7tQtROFHlLZL1Fqa%2FBtQXuA2km%2BIYxM6EWGYXrB5636gd4Fws9X34sfzIkSCosaMkLPEbCjxOhJn4xHvK1iiRy4F29d5dcLuhhgxwZuD5VAGoLfuo5lzUEaitC%2B29jPrwE6ehsNaSVb%2BIxXlwZfawEcAbEKXbO4epNvoIgig%3D%3D"}
[debug] [2026-05-08T00:30:28.383Z] >>> [apiv2][query] PUT https://storage.googleapis.com/uploads-120034738503.us-central1.cloudfunctions.appspot.com/0a76dca8-dc60-4511-9125-6f9363e16be4.zip GoogleAccessId=service-168689086085%40gcf-admin-robot.iam.gserviceaccount.com&Expires=1778202028&Signature=twVJ%2F2%2FS8S2yGZ7TqU64572g6Wm1qhQOKtz%2Br7TJRcYkShVSMG6FMNGyUkN%2Bf%2BXLM2RyI5q%2FtDnIgd58m5XhiiSWfg2Zs1vBpDGRwmiDbnxHcdrGE4nh2yaoz1PP9bxf1Tczpbmj38GbYSD%2BtEz1KsEfBSJ7v%2FMudIT7zkai4jqW2M7tQtROFHlLZL1Fqa%2FBtQXuA2km%2BIYxM6EWGYXrB5636gd4Fws9X34sfzIkSCosaMkLPEbCjxOhJn4xHvK1iiRy4F29d5dcLuhhgxwZuD5VAGoLfuo5lzUEaitC%2B29jPrwE6ehsNaSVb%2BIxXlwZfawEcAbEKXbO4epNvoIgig%3D%3D
[debug] [2026-05-08T00:30:28.383Z] >>> [apiv2][body] PUT https://storage.googleapis.com/uploads-120034738503.us-central1.cloudfunctions.appspot.com/0a76dca8-dc60-4511-9125-6f9363e16be4.zip [stream]
[debug] [2026-05-08T00:30:29.199Z] <<< [apiv2][status] PUT https://storage.googleapis.com/uploads-120034738503.us-central1.cloudfunctions.appspot.com/0a76dca8-dc60-4511-9125-6f9363e16be4.zip 200
[debug] [2026-05-08T00:30:29.200Z] <<< [apiv2][body] PUT https://storage.googleapis.com/uploads-120034738503.us-central1.cloudfunctions.appspot.com/0a76dca8-dc60-4511-9125-6f9363e16be4.zip [omitted]
[info] ✔  functions: functions source uploaded successfully 
[info] i  functions: creating Node.js 20 (1st Gen) function updatePaymentMethod(us-central1)... 
[info] i  functions: creating Node.js 20 (1st Gen) function deletePaymentMethod(us-central1)... 
[info] i  functions: creating Node.js 20 (1st Gen) function crmHealth(us-central1)... 
[debug] [2026-05-08T00:30:29.207Z] Checked if tokens are valid: true, expires at: 1778201409725
[debug] [2026-05-08T00:30:29.207Z] Checked if tokens are valid: true, expires at: 1778201409725
[debug] [2026-05-08T00:30:29.208Z] >>> [apiv2][query] POST https://cloudfunctions.googleapis.com/v1/projects/code-zero-labs/locations/us-central1/functions [none]
[debug] [2026-05-08T00:30:29.208Z] >>> [apiv2][body] POST https://cloudfunctions.googleapis.com/v1/projects/code-zero-labs/locations/us-central1/functions {"name":"projects/code-zero-labs/locations/us-central1/functions/updatePaymentMethod","sourceUploadUrl":"https://storage.googleapis.com/uploads-120034738503.us-central1.cloudfunctions.appspot.com/0a76dca8-dc60-4511-9125-6f9363e16be4.zip?GoogleAccessId=service-168689086085@gcf-admin-robot.iam.gserviceaccount.com&Expires=1778202028&Signature=twVJ%2F2%2FS8S2yGZ7TqU64572g6Wm1qhQOKtz%2Br7TJRcYkShVSMG6FMNGyUkN%2Bf%2BXLM2RyI5q%2FtDnIgd58m5XhiiSWfg2Zs1vBpDGRwmiDbnxHcdrGE4nh2yaoz1PP9bxf1Tczpbmj38GbYSD%2BtEz1KsEfBSJ7v%2FMudIT7zkai4jqW2M7tQtROFHlLZL1Fqa%2FBtQXuA2km%2BIYxM6EWGYXrB5636gd4Fws9X34sfzIkSCosaMkLPEbCjxOhJn4xHvK1iiRy4F29d5dcLuhhgxwZuD5VAGoLfuo5lzUEaitC%2B29jPrwE6ehsNaSVb%2BIxXlwZfawEcAbEKXbO4epNvoIgig%3D%3D","entryPoint":"updatePaymentMethod","runtime":"nodejs20","dockerRegistry":"ARTIFACT_REGISTRY","labels":{"deployment-tool":"cli-firebase","deployment-callable":"true","firebase-functions-hash":"7dc53b3105b6fae41881596f718ed01ea3cdd87f"},"httpsTrigger":{"securityLevel":"SECURE_ALWAYS"},"minInstances":null,"maxInstances":null,"ingressSettings":null,"environmentVariables":{"FIREBASE_CONFIG":"{\"projectId\":\"code-zero-labs\",\"storageBucket\":\"code-zero-labs.firebasestorage.app\"}","GCLOUD_PROJECT":"code-zero-labs","EVENTARC_CLOUD_EVENT_SOURCE":"projects/code-zero-labs/locations/us-central1/functions/updatePaymentMethod"},"serviceAccountEmail":null,"availableMemoryMb":null,"timeout":null,"vpcConnector":null,"vpcConnectorEgressSettings":null,"buildEnvironmentVariables":{"GOOGLE_NODE_RUN_SCRIPTS":""}}
[debug] [2026-05-08T00:30:30.050Z] <<< [apiv2][status] POST https://cloudfunctions.googleapis.com/v1/projects/code-zero-labs/locations/us-central1/functions 200
[debug] [2026-05-08T00:30:30.050Z] <<< [apiv2][body] POST https://cloudfunctions.googleapis.com/v1/projects/code-zero-labs/locations/us-central1/functions {"name":"operations/cHJvamVjdHMvY29kZS16ZXJvLWxhYnMvbG9jYXRpb25zL3VzLWNlbnRyYWwxL29wZXJhdGlvbnMvb3BlcmF0aW9uLTE3NzgyMDAyMjk2NTAtNjUxNDM4MTA3MWVlNC1hZDM5ZTBlMS0wZGZmMDU0YQ","metadata":{"@type":"type.googleapis.com/google.cloud.functions.v1.OperationMetadataV1","target":"projects/code-zero-labs/locations/us-central1/functions/updatePaymentMethod","updateTime":"2026-05-08T00:30:29.962760165Z"}}
[debug] [2026-05-08T00:30:30.051Z] Checked if tokens are valid: true, expires at: 1778201409725
[debug] [2026-05-08T00:30:30.053Z] Checked if tokens are valid: true, expires at: 1778201409725
[debug] [2026-05-08T00:30:30.053Z] >>> [apiv2][query] GET https://cloudfunctions.googleapis.com/v1/operations/cHJvamVjdHMvY29kZS16ZXJvLWxhYnMvbG9jYXRpb25zL3VzLWNlbnRyYWwxL29wZXJhdGlvbnMvb3BlcmF0aW9uLTE3NzgyMDAyMjk2NTAtNjUxNDM4MTA3MWVlNC1hZDM5ZTBlMS0wZGZmMDU0YQ [none]
[debug] [2026-05-08T00:30:30.548Z] <<< [apiv2][status] GET https://cloudfunctions.googleapis.com/v1/operations/cHJvamVjdHMvY29kZS16ZXJvLWxhYnMvbG9jYXRpb25zL3VzLWNlbnRyYWwxL29wZXJhdGlvbnMvb3BlcmF0aW9uLTE3NzgyMDAyMjk2NTAtNjUxNDM4MTA3MWVlNC1hZDM5ZTBlMS0wZGZmMDU0YQ 200
[debug] [2026-05-08T00:30:30.549Z] <<< [apiv2][body] GET https://cloudfunctions.googleapis.com/v1/operations/cHJvamVjdHMvY29kZS16ZXJvLWxhYnMvbG9jYXRpb25zL3VzLWNlbnRyYWwxL29wZXJhdGlvbnMvb3BlcmF0aW9uLTE3NzgyMDAyMjk2NTAtNjUxNDM4MTA3MWVlNC1hZDM5ZTBlMS0wZGZmMDU0YQ {"name":"operations/cHJvamVjdHMvY29kZS16ZXJvLWxhYnMvbG9jYXRpb25zL3VzLWNlbnRyYWwxL29wZXJhdGlvbnMvb3BlcmF0aW9uLTE3NzgyMDAyMjk2NTAtNjUxNDM4MTA3MWVlNC1hZDM5ZTBlMS0wZGZmMDU0YQ","metadata":{"@type":"type.googleapis.com/google.cloud.functions.v1.OperationMetadataV1","target":"projects/code-zero-labs/locations/us-central1/functions/updatePaymentMethod","updateTime":"2026-05-08T00:30:29.962760165Z"}}
[debug] [2026-05-08T00:30:31.051Z] [create-default-us-central1-updatePaymentMethod] Retrying task index 0
[debug] [2026-05-08T00:30:31.053Z] Checked if tokens are valid: true, expires at: 1778201409725
[debug] [2026-05-08T00:30:31.053Z] Checked if tokens are valid: true, expires at: 1778201409725
[debug] [2026-05-08T00:30:31.054Z] >>> [apiv2][query] GET https://cloudfunctions.googleapis.com/v1/operations/cHJvamVjdHMvY29kZS16ZXJvLWxhYnMvbG9jYXRpb25zL3VzLWNlbnRyYWwxL29wZXJhdGlvbnMvb3BlcmF0aW9uLTE3NzgyMDAyMjk2NTAtNjUxNDM4MTA3MWVlNC1hZDM5ZTBlMS0wZGZmMDU0YQ [none]
[debug] [2026-05-08T00:30:31.557Z] <<< [apiv2][status] GET https://cloudfunctions.googleapis.com/v1/operations/cHJvamVjdHMvY29kZS16ZXJvLWxhYnMvbG9jYXRpb25zL3VzLWNlbnRyYWwxL29wZXJhdGlvbnMvb3BlcmF0aW9uLTE3NzgyMDAyMjk2NTAtNjUxNDM4MTA3MWVlNC1hZDM5ZTBlMS0wZGZmMDU0YQ 200
[debug] [2026-05-08T00:30:31.558Z] <<< [apiv2][body] GET https://cloudfunctions.googleapis.com/v1/operations/cHJvamVjdHMvY29kZS16ZXJvLWxhYnMvbG9jYXRpb25zL3VzLWNlbnRyYWwxL29wZXJhdGlvbnMvb3BlcmF0aW9uLTE3NzgyMDAyMjk2NTAtNjUxNDM4MTA3MWVlNC1hZDM5ZTBlMS0wZGZmMDU0YQ {"name":"operations/cHJvamVjdHMvY29kZS16ZXJvLWxhYnMvbG9jYXRpb25zL3VzLWNlbnRyYWwxL29wZXJhdGlvbnMvb3BlcmF0aW9uLTE3NzgyMDAyMjk2NTAtNjUxNDM4MTA3MWVlNC1hZDM5ZTBlMS0wZGZmMDU0YQ","metadata":{"@type":"type.googleapis.com/google.cloud.functions.v1.OperationMetadataV1","target":"projects/code-zero-labs/locations/us-central1/functions/updatePaymentMethod","type":"CREATE_FUNCTION","request":{"@type":"type.googleapis.com/google.cloud.functions.v1.CloudFunction","name":"projects/code-zero-labs/locations/us-central1/functions/updatePaymentMethod","httpsTrigger":{"securityLevel":"SECURE_ALWAYS"},"entryPoint":"updatePaymentMethod","updateTime":"1970-01-01T00:00:00Z","labels":{"deployment-tool":"cli-firebase","deployment-callable":"true","firebase-functions-hash":"7dc53b3105b6fae41881596f718ed01ea3cdd87f"},"sourceUploadUrl":"https://storage.googleapis.com/uploads-120034738503.us-central1.cloudfunctions.appspot.com/0a76dca8-dc60-4511-9125-6f9363e16be4.zip?GoogleAccessId=service-168689086085@gcf-admin-robot.iam.gserviceaccount.com&Expires=1778202028&Signature=twVJ%2F2%2FS8S2yGZ7TqU64572g6Wm1qhQOKtz%2Br7TJRcYkShVSMG6FMNGyUkN%2Bf%2BXLM2RyI5q%2FtDnIgd58m5XhiiSWfg2Zs1vBpDGRwmiDbnxHcdrGE4nh2yaoz1PP9bxf1Tczpbmj38GbYSD%2BtEz1KsEfBSJ7v%2FMudIT7zkai4jqW2M7tQtROFHlLZL1Fqa%2FBtQXuA2km%2BIYxM6EWGYXrB5636gd4Fws9X34sfzIkSCosaMkLPEbCjxOhJn4xHvK1iiRy4F29d5dcLuhhgxwZuD5VAGoLfuo5lzUEaitC%2B29jPrwE6ehsNaSVb%2BIxXlwZfawEcAbEKXbO4epNvoIgig%3D%3D","environmentVariables":{"FIREBASE_CONFIG":"{\"projectId\":\"code-zero-labs\",\"storageBucket\":\"code-zero-labs.firebasestorage.app\"}","GCLOUD_PROJECT":"code-zero-labs","EVENTARC_CLOUD_EVENT_SOURCE":"projects/code-zero-labs/locations/us-central1/functions/updatePaymentMethod"},"runtime":"nodejs20","buildEnvironmentVariables":{"GOOGLE_NODE_RUN_SCRIPTS":""},"dockerRegistry":"ARTIFACT_REGISTRY"},"versionId":"1","updateTime":"2026-05-08T00:30:29.962760165Z"}}
[debug] [2026-05-08T00:30:32.559Z] [create-default-us-central1-updatePaymentMethod] Retrying task index 0
[debug] [2026-05-08T00:30:32.560Z] Checked if tokens are valid: true, expires at: 1778201409725
[debug] [2026-05-08T00:30:32.560Z] Checked if tokens are valid: true, expires at: 1778201409725
[debug] [2026-05-08T00:30:32.562Z] >>> [apiv2][query] GET https://cloudfunctions.googleapis.com/v1/operations/cHJvamVjdHMvY29kZS16ZXJvLWxhYnMvbG9jYXRpb25zL3VzLWNlbnRyYWwxL29wZXJhdGlvbnMvb3BlcmF0aW9uLTE3NzgyMDAyMjk2NTAtNjUxNDM4MTA3MWVlNC1hZDM5ZTBlMS0wZGZmMDU0YQ [none]
[debug] [2026-05-08T00:30:33.065Z] <<< [apiv2][status] GET https://cloudfunctions.googleapis.com/v1/operations/cHJvamVjdHMvY29kZS16ZXJvLWxhYnMvbG9jYXRpb25zL3VzLWNlbnRyYWwxL29wZXJhdGlvbnMvb3BlcmF0aW9uLTE3NzgyMDAyMjk2NTAtNjUxNDM4MTA3MWVlNC1hZDM5ZTBlMS0wZGZmMDU0YQ 200
[debug] [2026-05-08T00:30:33.065Z] <<< [apiv2][body] GET https://cloudfunctions.googleapis.com/v1/operations/cHJvamVjdHMvY29kZS16ZXJvLWxhYnMvbG9jYXRpb25zL3VzLWNlbnRyYWwxL29wZXJhdGlvbnMvb3BlcmF0aW9uLTE3NzgyMDAyMjk2NTAtNjUxNDM4MTA3MWVlNC1hZDM5ZTBlMS0wZGZmMDU0YQ {"name":"operations/cHJvamVjdHMvY29kZS16ZXJvLWxhYnMvbG9jYXRpb25zL3VzLWNlbnRyYWwxL29wZXJhdGlvbnMvb3BlcmF0aW9uLTE3NzgyMDAyMjk2NTAtNjUxNDM4MTA3MWVlNC1hZDM5ZTBlMS0wZGZmMDU0YQ","metadata":{"@type":"type.googleapis.com/google.cloud.functions.v1.OperationMetadataV1","target":"projects/code-zero-labs/locations/us-central1/functions/updatePaymentMethod","type":"CREATE_FUNCTION","request":{"@type":"type.googleapis.com/google.cloud.functions.v1.CloudFunction","name":"projects/code-zero-labs/locations/us-central1/functions/updatePaymentMethod","httpsTrigger":{"securityLevel":"SECURE_ALWAYS"},"entryPoint":"updatePaymentMethod","updateTime":"1970-01-01T00:00:00Z","labels":{"deployment-tool":"cli-firebase","deployment-callable":"true","firebase-functions-hash":"7dc53b3105b6fae41881596f718ed01ea3cdd87f"},"sourceUploadUrl":"https://storage.googleapis.com/uploads-120034738503.us-central1.cloudfunctions.appspot.com/0a76dca8-dc60-4511-9125-6f9363e16be4.zip?GoogleAccessId=service-168689086085@gcf-admin-robot.iam.gserviceaccount.com&Expires=1778202028&Signature=twVJ%2F2%2FS8S2yGZ7TqU64572g6Wm1qhQOKtz%2Br7TJRcYkShVSMG6FMNGyUkN%2Bf%2BXLM2RyI5q%2FtDnIgd58m5XhiiSWfg2Zs1vBpDGRwmiDbnxHcdrGE4nh2yaoz1PP9bxf1Tczpbmj38GbYSD%2BtEz1KsEfBSJ7v%2FMudIT7zkai4jqW2M7tQtROFHlLZL1Fqa%2FBtQXuA2km%2BIYxM6EWGYXrB5636gd4Fws9X34sfzIkSCosaMkLPEbCjxOhJn4xHvK1iiRy4F29d5dcLuhhgxwZuD5VAGoLfuo5lzUEaitC%2B29jPrwE6ehsNaSVb%2BIxXlwZfawEcAbEKXbO4epNvoIgig%3D%3D","environmentVariables":{"FIREBASE_CONFIG":"{\"projectId\":\"code-zero-labs\",\"storageBucket\":\"code-zero-labs.firebasestorage.app\"}","GCLOUD_PROJECT":"code-zero-labs","EVENTARC_CLOUD_EVENT_SOURCE":"projects/code-zero-labs/locations/us-central1/functions/updatePaymentMethod"},"runtime":"nodejs20","buildEnvironmentVariables":{"GOOGLE_NODE_RUN_SCRIPTS":""},"dockerRegistry":"ARTIFACT_REGISTRY"},"versionId":"1","updateTime":"2026-05-08T00:30:29.962760165Z"}}
[debug] [2026-05-08T00:30:35.068Z] [create-default-us-central1-updatePaymentMethod] Retrying task index 0
[debug] [2026-05-08T00:30:35.071Z] Checked if tokens are valid: true, expires at: 1778201409725
[debug] [2026-05-08T00:30:35.071Z] Checked if tokens are valid: true, expires at: 1778201409725
[debug] [2026-05-08T00:30:35.072Z] >>> [apiv2][query] GET https://cloudfunctions.googleapis.com/v1/operations/cHJvamVjdHMvY29kZS16ZXJvLWxhYnMvbG9jYXRpb25zL3VzLWNlbnRyYWwxL29wZXJhdGlvbnMvb3BlcmF0aW9uLTE3NzgyMDAyMjk2NTAtNjUxNDM4MTA3MWVlNC1hZDM5ZTBlMS0wZGZmMDU0YQ [none]
[debug] [2026-05-08T00:30:35.558Z] <<< [apiv2][status] GET https://cloudfunctions.googleapis.com/v1/operations/cHJvamVjdHMvY29kZS16ZXJvLWxhYnMvbG9jYXRpb25zL3VzLWNlbnRyYWwxL29wZXJhdGlvbnMvb3BlcmF0aW9uLTE3NzgyMDAyMjk2NTAtNjUxNDM4MTA3MWVlNC1hZDM5ZTBlMS0wZGZmMDU0YQ 200
[debug] [2026-05-08T00:30:35.558Z] <<< [apiv2][body] GET https://cloudfunctions.googleapis.com/v1/operations/cHJvamVjdHMvY29kZS16ZXJvLWxhYnMvbG9jYXRpb25zL3VzLWNlbnRyYWwxL29wZXJhdGlvbnMvb3BlcmF0aW9uLTE3NzgyMDAyMjk2NTAtNjUxNDM4MTA3MWVlNC1hZDM5ZTBlMS0wZGZmMDU0YQ {"name":"operations/cHJvamVjdHMvY29kZS16ZXJvLWxhYnMvbG9jYXRpb25zL3VzLWNlbnRyYWwxL29wZXJhdGlvbnMvb3BlcmF0aW9uLTE3NzgyMDAyMjk2NTAtNjUxNDM4MTA3MWVlNC1hZDM5ZTBlMS0wZGZmMDU0YQ","metadata":{"@type":"type.googleapis.com/google.cloud.functions.v1.OperationMetadataV1","target":"projects/code-zero-labs/locations/us-central1/functions/updatePaymentMethod","type":"CREATE_FUNCTION","request":{"@type":"type.googleapis.com/google.cloud.functions.v1.CloudFunction","name":"projects/code-zero-labs/locations/us-central1/functions/updatePaymentMethod","httpsTrigger":{"securityLevel":"SECURE_ALWAYS"},"entryPoint":"updatePaymentMethod","updateTime":"1970-01-01T00:00:00Z","labels":{"deployment-tool":"cli-firebase","deployment-callable":"true","firebase-functions-hash":"7dc53b3105b6fae41881596f718ed01ea3cdd87f"},"sourceUploadUrl":"https://storage.googleapis.com/uploads-120034738503.us-central1.cloudfunctions.appspot.com/0a76dca8-dc60-4511-9125-6f9363e16be4.zip?GoogleAccessId=service-168689086085@gcf-admin-robot.iam.gserviceaccount.com&Expires=1778202028&Signature=twVJ%2F2%2FS8S2yGZ7TqU64572g6Wm1qhQOKtz%2Br7TJRcYkShVSMG6FMNGyUkN%2Bf%2BXLM2RyI5q%2FtDnIgd58m5XhiiSWfg2Zs1vBpDGRwmiDbnxHcdrGE4nh2yaoz1PP9bxf1Tczpbmj38GbYSD%2BtEz1KsEfBSJ7v%2FMudIT7zkai4jqW2M7tQtROFHlLZL1Fqa%2FBtQXuA2km%2BIYxM6EWGYXrB5636gd4Fws9X34sfzIkSCosaMkLPEbCjxOhJn4xHvK1iiRy4F29d5dcLuhhgxwZuD5VAGoLfuo5lzUEaitC%2B29jPrwE6ehsNaSVb%2BIxXlwZfawEcAbEKXbO4epNvoIgig%3D%3D","environmentVariables":{"FIREBASE_CONFIG":"{\"projectId\":\"code-zero-labs\",\"storageBucket\":\"code-zero-labs.firebasestorage.app\"}","GCLOUD_PROJECT":"code-zero-labs","EVENTARC_CLOUD_EVENT_SOURCE":"projects/code-zero-labs/locations/us-central1/functions/updatePaymentMethod"},"runtime":"nodejs20","buildEnvironmentVariables":{"GOOGLE_NODE_RUN_SCRIPTS":""},"dockerRegistry":"ARTIFACT_REGISTRY"},"versionId":"1","updateTime":"2026-05-08T00:30:29.962760165Z","buildId":"b6aa3575-0f0e-4be8-9f4a-7b19228bf86a","buildName":"projects/168689086085/locations/us-central1/builds/b6aa3575-0f0e-4be8-9f4a-7b19228bf86a"}}
[debug] [2026-05-08T00:31:31.163Z] ----------------------------------------------------------------------
[debug] [2026-05-08T00:31:31.171Z] Command:       /usr/local/bin/firebase /Users/daniel/.cache/firebase/tools/lib/node_modules/firebase-tools/lib/bin/firebase deploy --only functions
[debug] [2026-05-08T00:31:31.172Z] CLI Version:   15.16.0
[debug] [2026-05-08T00:31:31.172Z] Platform:      darwin
[debug] [2026-05-08T00:31:31.172Z] Node Version:  v20.18.2
[debug] [2026-05-08T00:31:31.172Z] Time:          Fri May 08 2026 10:31:31 GMT+1000 (Australian Eastern Standard Time)
[debug] [2026-05-08T00:31:31.173Z] ----------------------------------------------------------------------
[debug] 
[debug] [2026-05-08T00:31:32.067Z] > command requires scopes: ["email","openid","https://www.googleapis.com/auth/cloudplatformprojects.readonly","https://www.googleapis.com/auth/firebase","https://www.googleapis.com/auth/cloud-platform"]
[debug] [2026-05-08T00:31:32.068Z] > authorizing via signed-in user (accounts@codezerolabs.com)
[debug] [2026-05-08T00:31:32.069Z] [iam] checking project code-zero-labs for permissions ["cloudfunctions.functions.create","cloudfunctions.functions.delete","cloudfunctions.functions.get","cloudfunctions.functions.list","cloudfunctions.functions.update","cloudfunctions.operations.get","firebase.projects.get"]
[debug] [2026-05-08T00:31:32.071Z] Checked if tokens are valid: true, expires at: 1778201409725
[debug] [2026-05-08T00:31:32.071Z] Checked if tokens are valid: true, expires at: 1778201409725
[debug] [2026-05-08T00:31:32.072Z] >>> [apiv2][query] POST https://cloudresourcemanager.googleapis.com/v1/projects/code-zero-labs:testIamPermissions [none]
[debug] [2026-05-08T00:31:32.072Z] >>> [apiv2][(partial)header] POST https://cloudresourcemanager.googleapis.com/v1/projects/code-zero-labs:testIamPermissions  x-goog-user-project=code-zero-labs
[debug] [2026-05-08T00:31:32.073Z] >>> [apiv2][body] POST https://cloudresourcemanager.googleapis.com/v1/projects/code-zero-labs:testIamPermissions {"permissions":["cloudfunctions.functions.create","cloudfunctions.functions.delete","cloudfunctions.functions.get","cloudfunctions.functions.list","cloudfunctions.functions.update","cloudfunctions.operations.get","firebase.projects.get"]}
[debug] [2026-05-08T00:31:32.581Z] <<< [apiv2][status] POST https://cloudresourcemanager.googleapis.com/v1/projects/code-zero-labs:testIamPermissions 200
[debug] [2026-05-08T00:31:32.582Z] <<< [apiv2][body] POST https://cloudresourcemanager.googleapis.com/v1/projects/code-zero-labs:testIamPermissions {"permissions":["cloudfunctions.functions.create","cloudfunctions.functions.delete","cloudfunctions.functions.get","cloudfunctions.functions.list","cloudfunctions.functions.update","cloudfunctions.operations.get","firebase.projects.get"]}
[debug] [2026-05-08T00:31:32.582Z] Checked if tokens are valid: true, expires at: 1778201409725
[debug] [2026-05-08T00:31:32.583Z] Checked if tokens are valid: true, expires at: 1778201409725
[debug] [2026-05-08T00:31:32.583Z] >>> [apiv2][query] POST https://iam.googleapis.com/v1/projects/code-zero-labs/serviceAccounts/code-zero-labs@appspot.gserviceaccount.com:testIamPermissions [none]
[debug] [2026-05-08T00:31:32.583Z] >>> [apiv2][body] POST https://iam.googleapis.com/v1/projects/code-zero-labs/serviceAccounts/code-zero-labs@appspot.gserviceaccount.com:testIamPermissions {"permissions":["iam.serviceAccounts.actAs"]}
[debug] [2026-05-08T00:31:33.903Z] <<< [apiv2][status] POST https://iam.googleapis.com/v1/projects/code-zero-labs/serviceAccounts/code-zero-labs@appspot.gserviceaccount.com:testIamPermissions 200
[debug] [2026-05-08T00:31:33.904Z] <<< [apiv2][body] POST https://iam.googleapis.com/v1/projects/code-zero-labs/serviceAccounts/code-zero-labs@appspot.gserviceaccount.com:testIamPermissions {"permissions":["iam.serviceAccounts.actAs"]}
[info] 
[info] === Deploying to 'code-zero-labs'...
[info] 
[info] i  deploying functions 
[debug] [2026-05-08T00:31:33.908Z] Checked if tokens are valid: true, expires at: 1778201409725
[debug] [2026-05-08T00:31:33.909Z] Checked if tokens are valid: true, expires at: 1778201409725
[debug] [2026-05-08T00:31:33.909Z] >>> [apiv2][query] GET https://cloudresourcemanager.googleapis.com/v1/projects/code-zero-labs [none]
[debug] [2026-05-08T00:31:34.164Z] <<< [apiv2][status] GET https://cloudresourcemanager.googleapis.com/v1/projects/code-zero-labs 200
[debug] [2026-05-08T00:31:34.165Z] <<< [apiv2][body] GET https://cloudresourcemanager.googleapis.com/v1/projects/code-zero-labs {"projectNumber":"168689086085","projectId":"code-zero-labs","lifecycleState":"ACTIVE","name":"Code Zero Labs","labels":{"firebase":"enabled","firebase-core":"disabled"},"createTime":"2026-04-03T02:35:37.157Z"}
[info] i  functions: preparing codebase default for deployment 
[info] i  functions: ensuring required API cloudfunctions.googleapis.com is enabled... 
[info] i  functions: ensuring required API cloudbuild.googleapis.com is enabled... 
[info] i  artifactregistry: ensuring required API artifactregistry.googleapis.com is enabled... 
[debug] [2026-05-08T00:31:34.169Z] Checked if tokens are valid: true, expires at: 1778201409725
[debug] [2026-05-08T00:31:34.169Z] Checked if tokens are valid: true, expires at: 1778201409725
[debug] [2026-05-08T00:31:34.170Z] >>> [apiv2][query] GET https://firebase.googleapis.com/v1beta1/projects/code-zero-labs/adminSdkConfig [none]
[debug] [2026-05-08T00:31:34.792Z] <<< [apiv2][status] GET https://firebase.googleapis.com/v1beta1/projects/code-zero-labs/adminSdkConfig 200
[debug] [2026-05-08T00:31:34.793Z] <<< [apiv2][body] GET https://firebase.googleapis.com/v1beta1/projects/code-zero-labs/adminSdkConfig {"projectId":"code-zero-labs","storageBucket":"code-zero-labs.firebasestorage.app"}
[debug] [2026-05-08T00:31:34.793Z] Checked if tokens are valid: true, expires at: 1778201409725
[debug] [2026-05-08T00:31:34.793Z] Checked if tokens are valid: true, expires at: 1778201409725
[debug] [2026-05-08T00:31:34.793Z] >>> [apiv2][query] GET https://runtimeconfig.googleapis.com/v1beta1/projects/code-zero-labs/configs [none]
[debug] [2026-05-08T00:31:35.381Z] <<< [apiv2][status] GET https://runtimeconfig.googleapis.com/v1beta1/projects/code-zero-labs/configs 200
[debug] [2026-05-08T00:31:35.382Z] <<< [apiv2][body] GET https://runtimeconfig.googleapis.com/v1beta1/projects/code-zero-labs/configs {}
[debug] [2026-05-08T00:31:35.387Z] Validating nodejs source
[warn] ⚠  functions: Runtime Node.js 20 was deprecated on 2026-04-30 and will be decommissioned on 2026-10-30, after which you will not be able to deploy without upgrading. Consider upgrading now to avoid disruption. See https://cloud.google.com/functions/docs/runtime-support for full details on the lifecycle policy 
[debug] [2026-05-08T00:31:35.407Z] checkFunctionsSDKVersion was unable to fetch information from NPM Error: spawnSync npm Unknown system error -8
    at Object.spawnSync (node:internal/child_process:1123:20)
    at Object.spawnSync (node:child_process:877:24)
    at Object.spawnSync (pkg/prelude/bootstrap.js:2092:31)
    at Function.spawnSync [as sync] (/Users/daniel/.cache/firebase/tools/lib/node_modules/cross-spawn/index.js:26:23)
    at Object.getLatestSDKVersion (/Users/daniel/.cache/firebase/tools/lib/node_modules/firebase-tools/lib/deploy/functions/runtimes/node/versioning.js:55:25)
    at Object.checkFunctionsSDKVersion (/Users/daniel/.cache/firebase/tools/lib/node_modules/firebase-tools/lib/deploy/functions/runtimes/node/versioning.js:74:32)
    at Delegate.validate (/Users/daniel/.cache/firebase/tools/lib/node_modules/firebase-tools/lib/deploy/functions/runtimes/node/index.js:88:20)
    at loadCodebases (/Users/daniel/.cache/firebase/tools/lib/node_modules/firebase-tools/lib/deploy/functions/prepare.js:378:31)
    at async prepare (/Users/daniel/.cache/firebase/tools/lib/node_modules/firebase-tools/lib/deploy/functions/prepare.js:73:24)
    at async chain (/Users/daniel/.cache/firebase/tools/lib/node_modules/firebase-tools/lib/deploy/index.js:45:9)
[debug] [2026-05-08T00:31:35.408Z] > [functions] package.json contents: {
  "name": "portal-functions",
  "private": true,
  "engines": {
    "node": "20"
  },
  "main": "lib/index.js",
  "scripts": {
    "build": "tsc",
    "serve": "firebase emulators:start --only functions",
    "deploy": "firebase deploy --only functions"
  },
  "dependencies": {
    "firebase-admin": "^13.0.2",
    "firebase-functions": "^6.3.0",
    "stripe": "^18.2.0"
  },
  "devDependencies": {
    "typescript": "^5.7.2"
  }
}
[debug] [2026-05-08T00:31:35.408Z] Building nodejs source
[info] i  functions: Loading and analyzing source code for codebase default to determine what to deploy 
[debug] [2026-05-08T00:31:35.412Z] Could not find functions.yaml. Must use http discovery
[debug] [2026-05-08T00:31:35.426Z] Found firebase-functions binary at '/Users/daniel/Documents/Company/App Development/Code Zero Labs/Web App/Portal/functions/node_modules/.bin/firebase-functions'
[info] Serving at port 8358

[debug] [2026-05-08T00:31:37.298Z] Got response from /__/functions.yaml {"endpoints":{"updatePaymentMethod":{"platform":"gcfv1","labels":{},"availableMemoryMb":null,"timeoutSeconds":null,"minInstances":null,"maxInstances":null,"ingressSettings":null,"serviceAccountEmail":null,"vpc":null,"region":["australia-southeast1"],"callableTrigger":{},"entryPoint":"updatePaymentMethod"},"deletePaymentMethod":{"platform":"gcfv1","labels":{},"availableMemoryMb":null,"timeoutSeconds":null,"minInstances":null,"maxInstances":null,"ingressSettings":null,"serviceAccountEmail":null,"vpc":null,"region":["australia-southeast1"],"callableTrigger":{},"entryPoint":"deletePaymentMethod"},"crmHealth":{"platform":"gcfv1","availableMemoryMb":null,"timeoutSeconds":null,"minInstances":null,"maxInstances":null,"ingressSettings":null,"serviceAccountEmail":null,"vpc":null,"region":["australia-southeast1"],"httpsTrigger":{},"entryPoint":"crmHealth"}},"specVersion":"v1alpha1","requiredAPIs":[],"extensions":{}}
[info] i  extensions: ensuring required API firebaseextensions.googleapis.com is enabled... 
[debug] [2026-05-08T00:31:41.387Z] > command requires scopes: ["email","openid","https://www.googleapis.com/auth/cloudplatformprojects.readonly","https://www.googleapis.com/auth/firebase","https://www.googleapis.com/auth/cloud-platform"]
[debug] [2026-05-08T00:31:41.388Z] > authorizing via signed-in user (accounts@codezerolabs.com)
[debug] [2026-05-08T00:31:41.388Z] [iam] checking project code-zero-labs for permissions ["firebase.projects.get","firebaseextensions.instances.list"]
[debug] [2026-05-08T00:31:41.389Z] Checked if tokens are valid: true, expires at: 1778201409725
[debug] [2026-05-08T00:31:41.389Z] Checked if tokens are valid: true, expires at: 1778201409725
[debug] [2026-05-08T00:31:41.390Z] >>> [apiv2][query] POST https://cloudresourcemanager.googleapis.com/v1/projects/code-zero-labs:testIamPermissions [none]
[debug] [2026-05-08T00:31:41.390Z] >>> [apiv2][(partial)header] POST https://cloudresourcemanager.googleapis.com/v1/projects/code-zero-labs:testIamPermissions  x-goog-user-project=code-zero-labs
[debug] [2026-05-08T00:31:41.390Z] >>> [apiv2][body] POST https://cloudresourcemanager.googleapis.com/v1/projects/code-zero-labs:testIamPermissions {"permissions":["firebase.projects.get","firebaseextensions.instances.list"]}
[debug] [2026-05-08T00:31:42.545Z] <<< [apiv2][status] POST https://cloudresourcemanager.googleapis.com/v1/projects/code-zero-labs:testIamPermissions 200
[debug] [2026-05-08T00:31:42.546Z] <<< [apiv2][body] POST https://cloudresourcemanager.googleapis.com/v1/projects/code-zero-labs:testIamPermissions {"permissions":["firebase.projects.get","firebaseextensions.instances.list"]}
[debug] [2026-05-08T00:31:42.548Z] Checked if tokens are valid: true, expires at: 1778201409725
[debug] [2026-05-08T00:31:42.548Z] Checked if tokens are valid: true, expires at: 1778201409725
[debug] [2026-05-08T00:31:42.550Z] >>> [apiv2][query] GET https://firebaseextensions.googleapis.com/v1beta/projects/code-zero-labs/instances pageSize=100&pageToken=
[debug] [2026-05-08T00:31:43.769Z] <<< [apiv2][status] GET https://firebaseextensions.googleapis.com/v1beta/projects/code-zero-labs/instances 200
[debug] [2026-05-08T00:31:43.770Z] <<< [apiv2][body] GET https://firebaseextensions.googleapis.com/v1beta/projects/code-zero-labs/instances {}
[info] i  functions: preparing functions directory for uploading... 
[info] i  functions: packaged /Users/daniel/Documents/Company/App Development/Code Zero Labs/Web App/Portal/functions (41.22 KB) for uploading 
[debug] [2026-05-08T00:31:43.854Z] Checked if tokens are valid: true, expires at: 1778201409725
[debug] [2026-05-08T00:31:43.854Z] Checked if tokens are valid: true, expires at: 1778201409725
[debug] [2026-05-08T00:31:43.855Z] >>> [apiv2][query] GET https://cloudfunctions.googleapis.com/v1/projects/code-zero-labs/locations/-/functions [none]
[debug] [2026-05-08T00:31:44.782Z] <<< [apiv2][status] GET https://cloudfunctions.googleapis.com/v1/projects/code-zero-labs/locations/-/functions 200
[debug] [2026-05-08T00:31:44.783Z] <<< [apiv2][body] GET https://cloudfunctions.googleapis.com/v1/projects/code-zero-labs/locations/-/functions {"functions":[{"name":"projects/code-zero-labs/locations/us-central1/functions/updatePaymentMethod","httpsTrigger":{"url":"https://us-central1-code-zero-labs.cloudfunctions.net/updatePaymentMethod","securityLevel":"SECURE_ALWAYS"},"status":"ACTIVE","entryPoint":"updatePaymentMethod","timeout":"60s","availableMemoryMb":256,"serviceAccountEmail":"code-zero-labs@appspot.gserviceaccount.com","updateTime":"2026-05-08T00:31:26.697764392Z","versionId":"1","labels":{"deployment-tool":"cli-firebase","deployment-callable":"true","firebase-functions-hash":"7dc53b3105b6fae41881596f718ed01ea3cdd87f"},"sourceUploadUrl":"https://storage.googleapis.com/uploads-120034738503.us-central1.cloudfunctions.appspot.com/0a76dca8-dc60-4511-9125-6f9363e16be4.zip","environmentVariables":{"FIREBASE_CONFIG":"{\"projectId\":\"code-zero-labs\",\"storageBucket\":\"code-zero-labs.firebasestorage.app\"}","GCLOUD_PROJECT":"code-zero-labs","EVENTARC_CLOUD_EVENT_SOURCE":"projects/code-zero-labs/locations/us-central1/functions/updatePaymentMethod"},"runtime":"nodejs20","ingressSettings":"ALLOW_ALL","buildId":"b6aa3575-0f0e-4be8-9f4a-7b19228bf86a","buildEnvironmentVariables":{"GOOGLE_NODE_RUN_SCRIPTS":""},"buildName":"projects/168689086085/locations/us-central1/builds/b6aa3575-0f0e-4be8-9f4a-7b19228bf86a","dockerRegistry":"ARTIFACT_REGISTRY","automaticUpdatePolicy":{},"buildServiceAccount":"projects/code-zero-labs/serviceAccounts/168689086085-compute@developer.gserviceaccount.com","satisfiesPzi":true}]}
[debug] [2026-05-08T00:31:44.785Z] Checked if tokens are valid: true, expires at: 1778201409725
[debug] [2026-05-08T00:31:44.785Z] Checked if tokens are valid: true, expires at: 1778201409725
[debug] [2026-05-08T00:31:44.788Z] >>> [apiv2][query] GET https://cloudfunctions.googleapis.com/v2/projects/code-zero-labs/locations/-/functions filter=environment%3D%22GEN_2%22
[debug] [2026-05-08T00:31:46.560Z] <<< [apiv2][status] GET https://cloudfunctions.googleapis.com/v2/projects/code-zero-labs/locations/-/functions 200
[debug] [2026-05-08T00:31:46.561Z] <<< [apiv2][body] GET https://cloudfunctions.googleapis.com/v2/projects/code-zero-labs/locations/-/functions {}
[debug] [2026-05-08T00:31:46.569Z] Checked if tokens are valid: true, expires at: 1778201409725
[debug] [2026-05-08T00:31:46.569Z] Checked if tokens are valid: true, expires at: 1778201409725
[debug] [2026-05-08T00:31:46.570Z] >>> [apiv2][query] GET https://cloudresourcemanager.googleapis.com/v1/projects/code-zero-labs [none]
[debug] [2026-05-08T00:31:46.819Z] <<< [apiv2][status] GET https://cloudresourcemanager.googleapis.com/v1/projects/code-zero-labs 200
[debug] [2026-05-08T00:31:46.820Z] <<< [apiv2][body] GET https://cloudresourcemanager.googleapis.com/v1/projects/code-zero-labs {"projectNumber":"168689086085","projectId":"code-zero-labs","lifecycleState":"ACTIVE","name":"Code Zero Labs","labels":{"firebase":"enabled","firebase-core":"disabled"},"createTime":"2026-04-03T02:35:37.157Z"}
[debug] [2026-05-08T00:31:46.822Z] Checked if tokens are valid: true, expires at: 1778201409725
[debug] [2026-05-08T00:31:46.822Z] Checked if tokens are valid: true, expires at: 1778201409725
[debug] [2026-05-08T00:31:46.823Z] >>> [apiv2][query] GET https://cloudbilling.googleapis.com/v1/projects/code-zero-labs/billingInfo [none]
[debug] [2026-05-08T00:31:47.358Z] <<< [apiv2][status] GET https://cloudbilling.googleapis.com/v1/projects/code-zero-labs/billingInfo 200
[debug] [2026-05-08T00:31:47.359Z] <<< [apiv2][body] GET https://cloudbilling.googleapis.com/v1/projects/code-zero-labs/billingInfo {"name":"projects/code-zero-labs/billingInfo","projectId":"code-zero-labs","billingAccountName":"billingAccounts/01AC8E-F7CA59-8122A9","billingEnabled":true}
[debug] [2026-05-08T00:31:47.360Z] [functions] found 1 new HTTP functions, testing setIamPolicy permission...
[debug] [2026-05-08T00:31:47.362Z] Checked if tokens are valid: true, expires at: 1778201409725
[debug] [2026-05-08T00:31:47.363Z] Checked if tokens are valid: true, expires at: 1778201409725
[debug] [2026-05-08T00:31:47.364Z] >>> [apiv2][query] POST https://cloudresourcemanager.googleapis.com/v1/projects/code-zero-labs:testIamPermissions [none]
[debug] [2026-05-08T00:31:47.364Z] >>> [apiv2][(partial)header] POST https://cloudresourcemanager.googleapis.com/v1/projects/code-zero-labs:testIamPermissions  x-goog-user-project=code-zero-labs
[debug] [2026-05-08T00:31:47.364Z] >>> [apiv2][body] POST https://cloudresourcemanager.googleapis.com/v1/projects/code-zero-labs:testIamPermissions {"permissions":["cloudfunctions.functions.setIamPolicy"]}
[debug] [2026-05-08T00:31:47.570Z] <<< [apiv2][status] POST https://cloudresourcemanager.googleapis.com/v1/projects/code-zero-labs:testIamPermissions 200
[debug] [2026-05-08T00:31:47.571Z] <<< [apiv2][body] POST https://cloudresourcemanager.googleapis.com/v1/projects/code-zero-labs:testIamPermissions {"permissions":["cloudfunctions.functions.setIamPolicy"]}
[debug] [2026-05-08T00:31:47.571Z] [functions] found setIamPolicy permission, proceeding with deploy
[debug] [2026-05-08T00:31:47.572Z] Checked if tokens are valid: true, expires at: 1778201409725
[debug] [2026-05-08T00:31:47.572Z] Checked if tokens are valid: true, expires at: 1778201409725
[debug] [2026-05-08T00:31:47.572Z] >>> [apiv2][query] POST https://cloudfunctions.googleapis.com/v1/projects/code-zero-labs/locations/australia-southeast1/functions:generateUploadUrl [none]
[debug] [2026-05-08T00:31:47.572Z] >>> [apiv2][body] POST https://cloudfunctions.googleapis.com/v1/projects/code-zero-labs/locations/australia-southeast1/functions:generateUploadUrl {}
[debug] [2026-05-08T00:32:21.127Z] <<< [apiv2][status] POST https://cloudfunctions.googleapis.com/v1/projects/code-zero-labs/locations/australia-southeast1/functions:generateUploadUrl 200
[debug] [2026-05-08T00:32:21.128Z] <<< [apiv2][body] POST https://cloudfunctions.googleapis.com/v1/projects/code-zero-labs/locations/australia-southeast1/functions:generateUploadUrl {"uploadUrl":"https://storage.googleapis.com/uploads-33856662241.australia-southeast1.cloudfunctions.appspot.com/b39652ef-05d7-46f1-8724-276f7604fadb.zip?GoogleAccessId=service-168689086085@gcf-admin-robot.iam.gserviceaccount.com&Expires=1778202140&Signature=nJXd0c5pKuQwRgIct3drN5046Yle0EiiASLmY6fwSyuJN0WuDFqH5%2F6ql62KR49kw50upChn47NmOH5dRn6ITOFBH71ehpTy03ORUrlkzh1vaSVOsmLQw1GXZvycmcv5BqBmjUb8QdCGPc1nI9NLYNqDSNOs%2BJWlttGGKzzA5vxH5oxaLLxwf38DXkEwN4pOY1T2jZNPuJ0T%2BnMdaynCNzv2gTrgUKXYLMJgj9dY6S1mNBm1N%2BqGJolZc%2FHuL0pV0lorA8T3GiLX1SRqQ6aqVvmbGkVx8UzWb63u8iVO1T1CYTOvTFkgaELHuio0VxuX8IkukqqIuI62CXGdhcOlJA%3D%3D"}
[debug] [2026-05-08T00:32:21.131Z] >>> [apiv2][query] PUT https://storage.googleapis.com/uploads-33856662241.australia-southeast1.cloudfunctions.appspot.com/b39652ef-05d7-46f1-8724-276f7604fadb.zip GoogleAccessId=service-168689086085%40gcf-admin-robot.iam.gserviceaccount.com&Expires=1778202140&Signature=nJXd0c5pKuQwRgIct3drN5046Yle0EiiASLmY6fwSyuJN0WuDFqH5%2F6ql62KR49kw50upChn47NmOH5dRn6ITOFBH71ehpTy03ORUrlkzh1vaSVOsmLQw1GXZvycmcv5BqBmjUb8QdCGPc1nI9NLYNqDSNOs%2BJWlttGGKzzA5vxH5oxaLLxwf38DXkEwN4pOY1T2jZNPuJ0T%2BnMdaynCNzv2gTrgUKXYLMJgj9dY6S1mNBm1N%2BqGJolZc%2FHuL0pV0lorA8T3GiLX1SRqQ6aqVvmbGkVx8UzWb63u8iVO1T1CYTOvTFkgaELHuio0VxuX8IkukqqIuI62CXGdhcOlJA%3D%3D
[debug] [2026-05-08T00:32:21.131Z] >>> [apiv2][body] PUT https://storage.googleapis.com/uploads-33856662241.australia-southeast1.cloudfunctions.appspot.com/b39652ef-05d7-46f1-8724-276f7604fadb.zip [stream]
[debug] [2026-05-08T00:32:22.097Z] <<< [apiv2][status] PUT https://storage.googleapis.com/uploads-33856662241.australia-southeast1.cloudfunctions.appspot.com/b39652ef-05d7-46f1-8724-276f7604fadb.zip 200
[debug] [2026-05-08T00:32:22.098Z] <<< [apiv2][body] PUT https://storage.googleapis.com/uploads-33856662241.australia-southeast1.cloudfunctions.appspot.com/b39652ef-05d7-46f1-8724-276f7604fadb.zip [omitted]
[info] ✔  functions: functions source uploaded successfully 
[info] 
The following functions are found in your project but do not exist in your local source code:
	updatePaymentMethod(us-central1)

If you are renaming a function or changing its region, it is recommended that you create the new function first before deleting the old one to prevent event loss. For more info, visit https://firebase.google.com/docs/functions/manage-functions#modify

[info] i  functions: creating Node.js 20 (1st Gen) function updatePaymentMethod(australia-southeast1)... 
[info] i  functions: creating Node.js 20 (1st Gen) function deletePaymentMethod(australia-southeast1)... 
[info] i  functions: creating Node.js 20 (1st Gen) function crmHealth(australia-southeast1)... 
[debug] [2026-05-08T00:32:39.727Z] Checked if tokens are valid: true, expires at: 1778201409725
[debug] [2026-05-08T00:32:39.727Z] Checked if tokens are valid: true, expires at: 1778201409725
[debug] [2026-05-08T00:32:39.728Z] >>> [apiv2][query] POST https://cloudfunctions.googleapis.com/v1/projects/code-zero-labs/locations/australia-southeast1/functions [none]
[debug] [2026-05-08T00:32:39.728Z] >>> [apiv2][body] POST https://cloudfunctions.googleapis.com/v1/projects/code-zero-labs/locations/australia-southeast1/functions {"name":"projects/code-zero-labs/locations/australia-southeast1/functions/updatePaymentMethod","sourceUploadUrl":"https://storage.googleapis.com/uploads-33856662241.australia-southeast1.cloudfunctions.appspot.com/b39652ef-05d7-46f1-8724-276f7604fadb.zip?GoogleAccessId=service-168689086085@gcf-admin-robot.iam.gserviceaccount.com&Expires=1778202140&Signature=nJXd0c5pKuQwRgIct3drN5046Yle0EiiASLmY6fwSyuJN0WuDFqH5%2F6ql62KR49kw50upChn47NmOH5dRn6ITOFBH71ehpTy03ORUrlkzh1vaSVOsmLQw1GXZvycmcv5BqBmjUb8QdCGPc1nI9NLYNqDSNOs%2BJWlttGGKzzA5vxH5oxaLLxwf38DXkEwN4pOY1T2jZNPuJ0T%2BnMdaynCNzv2gTrgUKXYLMJgj9dY6S1mNBm1N%2BqGJolZc%2FHuL0pV0lorA8T3GiLX1SRqQ6aqVvmbGkVx8UzWb63u8iVO1T1CYTOvTFkgaELHuio0VxuX8IkukqqIuI62CXGdhcOlJA%3D%3D","entryPoint":"updatePaymentMethod","runtime":"nodejs20","dockerRegistry":"ARTIFACT_REGISTRY","labels":{"deployment-tool":"cli-firebase","deployment-callable":"true","firebase-functions-hash":"410d984c064c03043eccca1f310c0a6d9d0d1697"},"httpsTrigger":{"securityLevel":"SECURE_ALWAYS"},"minInstances":null,"maxInstances":null,"ingressSettings":null,"environmentVariables":{"FIREBASE_CONFIG":"{\"projectId\":\"code-zero-labs\",\"storageBucket\":\"code-zero-labs.firebasestorage.app\"}","GCLOUD_PROJECT":"code-zero-labs","EVENTARC_CLOUD_EVENT_SOURCE":"projects/code-zero-labs/locations/australia-southeast1/functions/updatePaymentMethod"},"serviceAccountEmail":null,"availableMemoryMb":null,"timeout":null,"vpcConnector":null,"vpcConnectorEgressSettings":null,"buildEnvironmentVariables":{"GOOGLE_NODE_RUN_SCRIPTS":""}}
[debug] [2026-05-08T00:32:40.821Z] <<< [apiv2][status] POST https://cloudfunctions.googleapis.com/v1/projects/code-zero-labs/locations/australia-southeast1/functions 200
[debug] [2026-05-08T00:32:40.821Z] <<< [apiv2][body] POST https://cloudfunctions.googleapis.com/v1/projects/code-zero-labs/locations/australia-southeast1/functions {"name":"operations/cHJvamVjdHMvY29kZS16ZXJvLWxhYnMvbG9jYXRpb25zL2F1c3RyYWxpYS1zb3V0aGVhc3QxL29wZXJhdGlvbnMvb3BlcmF0aW9uLTE3NzgyMDAzNjAxOTctNjUxNDM4OGNmMWJhOC05ODE1MzgwNy1kMTIxZGM1Zg","metadata":{"@type":"type.googleapis.com/google.cloud.functions.v1.OperationMetadataV1","target":"projects/code-zero-labs/locations/australia-southeast1/functions/updatePaymentMethod","updateTime":"2026-05-08T00:32:40.786486075Z"}}
[debug] [2026-05-08T00:32:40.823Z] Checked if tokens are valid: true, expires at: 1778201409725
[debug] [2026-05-08T00:32:40.823Z] Checked if tokens are valid: true, expires at: 1778201409725
[debug] [2026-05-08T00:32:40.823Z] >>> [apiv2][query] GET https://cloudfunctions.googleapis.com/v1/operations/cHJvamVjdHMvY29kZS16ZXJvLWxhYnMvbG9jYXRpb25zL2F1c3RyYWxpYS1zb3V0aGVhc3QxL29wZXJhdGlvbnMvb3BlcmF0aW9uLTE3NzgyMDAzNjAxOTctNjUxNDM4OGNmMWJhOC05ODE1MzgwNy1kMTIxZGM1Zg [none]
[debug] [2026-05-08T00:32:41.208Z] <<< [apiv2][status] GET https://cloudfunctions.googleapis.com/v1/operations/cHJvamVjdHMvY29kZS16ZXJvLWxhYnMvbG9jYXRpb25zL2F1c3RyYWxpYS1zb3V0aGVhc3QxL29wZXJhdGlvbnMvb3BlcmF0aW9uLTE3NzgyMDAzNjAxOTctNjUxNDM4OGNmMWJhOC05ODE1MzgwNy1kMTIxZGM1Zg 200
[debug] [2026-05-08T00:32:41.208Z] <<< [apiv2][body] GET https://cloudfunctions.googleapis.com/v1/operations/cHJvamVjdHMvY29kZS16ZXJvLWxhYnMvbG9jYXRpb25zL2F1c3RyYWxpYS1zb3V0aGVhc3QxL29wZXJhdGlvbnMvb3BlcmF0aW9uLTE3NzgyMDAzNjAxOTctNjUxNDM4OGNmMWJhOC05ODE1MzgwNy1kMTIxZGM1Zg {"name":"operations/cHJvamVjdHMvY29kZS16ZXJvLWxhYnMvbG9jYXRpb25zL2F1c3RyYWxpYS1zb3V0aGVhc3QxL29wZXJhdGlvbnMvb3BlcmF0aW9uLTE3NzgyMDAzNjAxOTctNjUxNDM4OGNmMWJhOC05ODE1MzgwNy1kMTIxZGM1Zg","metadata":{"@type":"type.googleapis.com/google.cloud.functions.v1.OperationMetadataV1","target":"projects/code-zero-labs/locations/australia-southeast1/functions/updatePaymentMethod","updateTime":"2026-05-08T00:32:40.786486075Z"}}
[debug] [2026-05-08T00:32:41.714Z] [create-default-australia-southeast1-updatePaymentMethod] Retrying task index 0
[debug] [2026-05-08T00:32:41.715Z] Checked if tokens are valid: true, expires at: 1778201409725
[debug] [2026-05-08T00:32:41.715Z] Checked if tokens are valid: true, expires at: 1778201409725
[debug] [2026-05-08T00:32:41.715Z] >>> [apiv2][query] GET https://cloudfunctions.googleapis.com/v1/operations/cHJvamVjdHMvY29kZS16ZXJvLWxhYnMvbG9jYXRpb25zL2F1c3RyYWxpYS1zb3V0aGVhc3QxL29wZXJhdGlvbnMvb3BlcmF0aW9uLTE3NzgyMDAzNjAxOTctNjUxNDM4OGNmMWJhOC05ODE1MzgwNy1kMTIxZGM1Zg [none]
[debug] [2026-05-08T00:32:42.089Z] <<< [apiv2][status] GET https://cloudfunctions.googleapis.com/v1/operations/cHJvamVjdHMvY29kZS16ZXJvLWxhYnMvbG9jYXRpb25zL2F1c3RyYWxpYS1zb3V0aGVhc3QxL29wZXJhdGlvbnMvb3BlcmF0aW9uLTE3NzgyMDAzNjAxOTctNjUxNDM4OGNmMWJhOC05ODE1MzgwNy1kMTIxZGM1Zg 200
[debug] [2026-05-08T00:32:42.090Z] <<< [apiv2][body] GET https://cloudfunctions.googleapis.com/v1/operations/cHJvamVjdHMvY29kZS16ZXJvLWxhYnMvbG9jYXRpb25zL2F1c3RyYWxpYS1zb3V0aGVhc3QxL29wZXJhdGlvbnMvb3BlcmF0aW9uLTE3NzgyMDAzNjAxOTctNjUxNDM4OGNmMWJhOC05ODE1MzgwNy1kMTIxZGM1Zg {"name":"operations/cHJvamVjdHMvY29kZS16ZXJvLWxhYnMvbG9jYXRpb25zL2F1c3RyYWxpYS1zb3V0aGVhc3QxL29wZXJhdGlvbnMvb3BlcmF0aW9uLTE3NzgyMDAzNjAxOTctNjUxNDM4OGNmMWJhOC05ODE1MzgwNy1kMTIxZGM1Zg","metadata":{"@type":"type.googleapis.com/google.cloud.functions.v1.OperationMetadataV1","target":"projects/code-zero-labs/locations/australia-southeast1/functions/updatePaymentMethod","updateTime":"2026-05-08T00:32:40.786486075Z"}}
[debug] [2026-05-08T00:32:43.092Z] [create-default-australia-southeast1-updatePaymentMethod] Retrying task index 0
[debug] [2026-05-08T00:32:43.095Z] Checked if tokens are valid: true, expires at: 1778201409725
[debug] [2026-05-08T00:32:43.101Z] Checked if tokens are valid: true, expires at: 1778201409725
[debug] [2026-05-08T00:32:43.101Z] >>> [apiv2][query] GET https://cloudfunctions.googleapis.com/v1/operations/cHJvamVjdHMvY29kZS16ZXJvLWxhYnMvbG9jYXRpb25zL2F1c3RyYWxpYS1zb3V0aGVhc3QxL29wZXJhdGlvbnMvb3BlcmF0aW9uLTE3NzgyMDAzNjAxOTctNjUxNDM4OGNmMWJhOC05ODE1MzgwNy1kMTIxZGM1Zg [none]
[debug] [2026-05-08T00:32:43.483Z] <<< [apiv2][status] GET https://cloudfunctions.googleapis.com/v1/operations/cHJvamVjdHMvY29kZS16ZXJvLWxhYnMvbG9jYXRpb25zL2F1c3RyYWxpYS1zb3V0aGVhc3QxL29wZXJhdGlvbnMvb3BlcmF0aW9uLTE3NzgyMDAzNjAxOTctNjUxNDM4OGNmMWJhOC05ODE1MzgwNy1kMTIxZGM1Zg 200
[debug] [2026-05-08T00:32:43.483Z] <<< [apiv2][body] GET https://cloudfunctions.googleapis.com/v1/operations/cHJvamVjdHMvY29kZS16ZXJvLWxhYnMvbG9jYXRpb25zL2F1c3RyYWxpYS1zb3V0aGVhc3QxL29wZXJhdGlvbnMvb3BlcmF0aW9uLTE3NzgyMDAzNjAxOTctNjUxNDM4OGNmMWJhOC05ODE1MzgwNy1kMTIxZGM1Zg {"name":"operations/cHJvamVjdHMvY29kZS16ZXJvLWxhYnMvbG9jYXRpb25zL2F1c3RyYWxpYS1zb3V0aGVhc3QxL29wZXJhdGlvbnMvb3BlcmF0aW9uLTE3NzgyMDAzNjAxOTctNjUxNDM4OGNmMWJhOC05ODE1MzgwNy1kMTIxZGM1Zg","metadata":{"@type":"type.googleapis.com/google.cloud.functions.v1.OperationMetadataV1","target":"projects/code-zero-labs/locations/australia-southeast1/functions/updatePaymentMethod","type":"CREATE_FUNCTION","request":{"@type":"type.googleapis.com/google.cloud.functions.v1.CloudFunction","name":"projects/code-zero-labs/locations/australia-southeast1/functions/updatePaymentMethod","httpsTrigger":{"securityLevel":"SECURE_ALWAYS"},"entryPoint":"updatePaymentMethod","updateTime":"1970-01-01T00:00:00Z","labels":{"deployment-tool":"cli-firebase","deployment-callable":"true","firebase-functions-hash":"410d984c064c03043eccca1f310c0a6d9d0d1697"},"sourceUploadUrl":"https://storage.googleapis.com/uploads-33856662241.australia-southeast1.cloudfunctions.appspot.com/b39652ef-05d7-46f1-8724-276f7604fadb.zip?GoogleAccessId=service-168689086085@gcf-admin-robot.iam.gserviceaccount.com&Expires=1778202140&Signature=nJXd0c5pKuQwRgIct3drN5046Yle0EiiASLmY6fwSyuJN0WuDFqH5%2F6ql62KR49kw50upChn47NmOH5dRn6ITOFBH71ehpTy03ORUrlkzh1vaSVOsmLQw1GXZvycmcv5BqBmjUb8QdCGPc1nI9NLYNqDSNOs%2BJWlttGGKzzA5vxH5oxaLLxwf38DXkEwN4pOY1T2jZNPuJ0T%2BnMdaynCNzv2gTrgUKXYLMJgj9dY6S1mNBm1N%2BqGJolZc%2FHuL0pV0lorA8T3GiLX1SRqQ6aqVvmbGkVx8UzWb63u8iVO1T1CYTOvTFkgaELHuio0VxuX8IkukqqIuI62CXGdhcOlJA%3D%3D","environmentVariables":{"FIREBASE_CONFIG":"{\"projectId\":\"code-zero-labs\",\"storageBucket\":\"code-zero-labs.firebasestorage.app\"}","GCLOUD_PROJECT":"code-zero-labs","EVENTARC_CLOUD_EVENT_SOURCE":"projects/code-zero-labs/locations/australia-southeast1/functions/updatePaymentMethod"},"runtime":"nodejs20","buildEnvironmentVariables":{"GOOGLE_NODE_RUN_SCRIPTS":""},"dockerRegistry":"ARTIFACT_REGISTRY"},"versionId":"1","updateTime":"2026-05-08T00:32:40.786486075Z"}}
[debug] [2026-05-08T00:32:45.485Z] [create-default-australia-southeast1-updatePaymentMethod] Retrying task index 0
[debug] [2026-05-08T00:32:45.486Z] Checked if tokens are valid: true, expires at: 1778201409725
[debug] [2026-05-08T00:32:45.486Z] Checked if tokens are valid: true, expires at: 1778201409725
[debug] [2026-05-08T00:32:45.487Z] >>> [apiv2][query] GET https://cloudfunctions.googleapis.com/v1/operations/cHJvamVjdHMvY29kZS16ZXJvLWxhYnMvbG9jYXRpb25zL2F1c3RyYWxpYS1zb3V0aGVhc3QxL29wZXJhdGlvbnMvb3BlcmF0aW9uLTE3NzgyMDAzNjAxOTctNjUxNDM4OGNmMWJhOC05ODE1MzgwNy1kMTIxZGM1Zg [none]
[debug] [2026-05-08T00:32:45.871Z] <<< [apiv2][status] GET https://cloudfunctions.googleapis.com/v1/operations/cHJvamVjdHMvY29kZS16ZXJvLWxhYnMvbG9jYXRpb25zL2F1c3RyYWxpYS1zb3V0aGVhc3QxL29wZXJhdGlvbnMvb3BlcmF0aW9uLTE3NzgyMDAzNjAxOTctNjUxNDM4OGNmMWJhOC05ODE1MzgwNy1kMTIxZGM1Zg 200
[debug] [2026-05-08T00:32:45.872Z] <<< [apiv2][body] GET https://cloudfunctions.googleapis.com/v1/operations/cHJvamVjdHMvY29kZS16ZXJvLWxhYnMvbG9jYXRpb25zL2F1c3RyYWxpYS1zb3V0aGVhc3QxL29wZXJhdGlvbnMvb3BlcmF0aW9uLTE3NzgyMDAzNjAxOTctNjUxNDM4OGNmMWJhOC05ODE1MzgwNy1kMTIxZGM1Zg {"name":"operations/cHJvamVjdHMvY29kZS16ZXJvLWxhYnMvbG9jYXRpb25zL2F1c3RyYWxpYS1zb3V0aGVhc3QxL29wZXJhdGlvbnMvb3BlcmF0aW9uLTE3NzgyMDAzNjAxOTctNjUxNDM4OGNmMWJhOC05ODE1MzgwNy1kMTIxZGM1Zg","metadata":{"@type":"type.googleapis.com/google.cloud.functions.v1.OperationMetadataV1","target":"projects/code-zero-labs/locations/australia-southeast1/functions/updatePaymentMethod","type":"CREATE_FUNCTION","request":{"@type":"type.googleapis.com/google.cloud.functions.v1.CloudFunction","name":"projects/code-zero-labs/locations/australia-southeast1/functions/updatePaymentMethod","httpsTrigger":{"securityLevel":"SECURE_ALWAYS"},"entryPoint":"updatePaymentMethod","updateTime":"1970-01-01T00:00:00Z","labels":{"deployment-tool":"cli-firebase","deployment-callable":"true","firebase-functions-hash":"410d984c064c03043eccca1f310c0a6d9d0d1697"},"sourceUploadUrl":"https://storage.googleapis.com/uploads-33856662241.australia-southeast1.cloudfunctions.appspot.com/b39652ef-05d7-46f1-8724-276f7604fadb.zip?GoogleAccessId=service-168689086085@gcf-admin-robot.iam.gserviceaccount.com&Expires=1778202140&Signature=nJXd0c5pKuQwRgIct3drN5046Yle0EiiASLmY6fwSyuJN0WuDFqH5%2F6ql62KR49kw50upChn47NmOH5dRn6ITOFBH71ehpTy03ORUrlkzh1vaSVOsmLQw1GXZvycmcv5BqBmjUb8QdCGPc1nI9NLYNqDSNOs%2BJWlttGGKzzA5vxH5oxaLLxwf38DXkEwN4pOY1T2jZNPuJ0T%2BnMdaynCNzv2gTrgUKXYLMJgj9dY6S1mNBm1N%2BqGJolZc%2FHuL0pV0lorA8T3GiLX1SRqQ6aqVvmbGkVx8UzWb63u8iVO1T1CYTOvTFkgaELHuio0VxuX8IkukqqIuI62CXGdhcOlJA%3D%3D","environmentVariables":{"FIREBASE_CONFIG":"{\"projectId\":\"code-zero-labs\",\"storageBucket\":\"code-zero-labs.firebasestorage.app\"}","GCLOUD_PROJECT":"code-zero-labs","EVENTARC_CLOUD_EVENT_SOURCE":"projects/code-zero-labs/locations/australia-southeast1/functions/updatePaymentMethod"},"runtime":"nodejs20","buildEnvironmentVariables":{"GOOGLE_NODE_RUN_SCRIPTS":""},"dockerRegistry":"ARTIFACT_REGISTRY"},"versionId":"1","updateTime":"2026-05-08T00:32:40.786486075Z"}}
[debug] [2026-05-08T00:32:49.873Z] [create-default-australia-southeast1-updatePaymentMethod] Retrying task index 0
[debug] [2026-05-08T00:32:49.873Z] Checked if tokens are valid: true, expires at: 1778201409725
[debug] [2026-05-08T00:32:49.873Z] Checked if tokens are valid: true, expires at: 1778201409725
[debug] [2026-05-08T00:32:49.873Z] >>> [apiv2][query] GET https://cloudfunctions.googleapis.com/v1/operations/cHJvamVjdHMvY29kZS16ZXJvLWxhYnMvbG9jYXRpb25zL2F1c3RyYWxpYS1zb3V0aGVhc3QxL29wZXJhdGlvbnMvb3BlcmF0aW9uLTE3NzgyMDAzNjAxOTctNjUxNDM4OGNmMWJhOC05ODE1MzgwNy1kMTIxZGM1Zg [none]
[debug] [2026-05-08T00:32:50.226Z] <<< [apiv2][status] GET https://cloudfunctions.googleapis.com/v1/operations/cHJvamVjdHMvY29kZS16ZXJvLWxhYnMvbG9jYXRpb25zL2F1c3RyYWxpYS1zb3V0aGVhc3QxL29wZXJhdGlvbnMvb3BlcmF0aW9uLTE3NzgyMDAzNjAxOTctNjUxNDM4OGNmMWJhOC05ODE1MzgwNy1kMTIxZGM1Zg 200
[debug] [2026-05-08T00:32:50.226Z] <<< [apiv2][body] GET https://cloudfunctions.googleapis.com/v1/operations/cHJvamVjdHMvY29kZS16ZXJvLWxhYnMvbG9jYXRpb25zL2F1c3RyYWxpYS1zb3V0aGVhc3QxL29wZXJhdGlvbnMvb3BlcmF0aW9uLTE3NzgyMDAzNjAxOTctNjUxNDM4OGNmMWJhOC05ODE1MzgwNy1kMTIxZGM1Zg {"name":"operations/cHJvamVjdHMvY29kZS16ZXJvLWxhYnMvbG9jYXRpb25zL2F1c3RyYWxpYS1zb3V0aGVhc3QxL29wZXJhdGlvbnMvb3BlcmF0aW9uLTE3NzgyMDAzNjAxOTctNjUxNDM4OGNmMWJhOC05ODE1MzgwNy1kMTIxZGM1Zg","metadata":{"@type":"type.googleapis.com/google.cloud.functions.v1.OperationMetadataV1","target":"projects/code-zero-labs/locations/australia-southeast1/functions/updatePaymentMethod","type":"CREATE_FUNCTION","request":{"@type":"type.googleapis.com/google.cloud.functions.v1.CloudFunction","name":"projects/code-zero-labs/locations/australia-southeast1/functions/updatePaymentMethod","httpsTrigger":{"securityLevel":"SECURE_ALWAYS"},"entryPoint":"updatePaymentMethod","updateTime":"1970-01-01T00:00:00Z","labels":{"deployment-tool":"cli-firebase","deployment-callable":"true","firebase-functions-hash":"410d984c064c03043eccca1f310c0a6d9d0d1697"},"sourceUploadUrl":"https://storage.googleapis.com/uploads-33856662241.australia-southeast1.cloudfunctions.appspot.com/b39652ef-05d7-46f1-8724-276f7604fadb.zip?GoogleAccessId=service-168689086085@gcf-admin-robot.iam.gserviceaccount.com&Expires=1778202140&Signature=nJXd0c5pKuQwRgIct3drN5046Yle0EiiASLmY6fwSyuJN0WuDFqH5%2F6ql62KR49kw50upChn47NmOH5dRn6ITOFBH71ehpTy03ORUrlkzh1vaSVOsmLQw1GXZvycmcv5BqBmjUb8QdCGPc1nI9NLYNqDSNOs%2BJWlttGGKzzA5vxH5oxaLLxwf38DXkEwN4pOY1T2jZNPuJ0T%2BnMdaynCNzv2gTrgUKXYLMJgj9dY6S1mNBm1N%2BqGJolZc%2FHuL0pV0lorA8T3GiLX1SRqQ6aqVvmbGkVx8UzWb63u8iVO1T1CYTOvTFkgaELHuio0VxuX8IkukqqIuI62CXGdhcOlJA%3D%3D","environmentVariables":{"FIREBASE_CONFIG":"{\"projectId\":\"code-zero-labs\",\"storageBucket\":\"code-zero-labs.firebasestorage.app\"}","GCLOUD_PROJECT":"code-zero-labs","EVENTARC_CLOUD_EVENT_SOURCE":"projects/code-zero-labs/locations/australia-southeast1/functions/updatePaymentMethod"},"runtime":"nodejs20","buildEnvironmentVariables":{"GOOGLE_NODE_RUN_SCRIPTS":""},"dockerRegistry":"ARTIFACT_REGISTRY"},"versionId":"1","updateTime":"2026-05-08T00:32:40.786486075Z"}}
[debug] [2026-05-08T00:32:58.228Z] [create-default-australia-southeast1-updatePaymentMethod] Retrying task index 0
[debug] [2026-05-08T00:32:58.228Z] Checked if tokens are valid: true, expires at: 1778201409725
[debug] [2026-05-08T00:32:58.229Z] Checked if tokens are valid: true, expires at: 1778201409725
[debug] [2026-05-08T00:32:58.229Z] >>> [apiv2][query] GET https://cloudfunctions.googleapis.com/v1/operations/cHJvamVjdHMvY29kZS16ZXJvLWxhYnMvbG9jYXRpb25zL2F1c3RyYWxpYS1zb3V0aGVhc3QxL29wZXJhdGlvbnMvb3BlcmF0aW9uLTE3NzgyMDAzNjAxOTctNjUxNDM4OGNmMWJhOC05ODE1MzgwNy1kMTIxZGM1Zg [none]
[debug] [2026-05-08T00:32:58.746Z] <<< [apiv2][status] GET https://cloudfunctions.googleapis.com/v1/operations/cHJvamVjdHMvY29kZS16ZXJvLWxhYnMvbG9jYXRpb25zL2F1c3RyYWxpYS1zb3V0aGVhc3QxL29wZXJhdGlvbnMvb3BlcmF0aW9uLTE3NzgyMDAzNjAxOTctNjUxNDM4OGNmMWJhOC05ODE1MzgwNy1kMTIxZGM1Zg 200
[debug] [2026-05-08T00:32:58.746Z] <<< [apiv2][body] GET https://cloudfunctions.googleapis.com/v1/operations/cHJvamVjdHMvY29kZS16ZXJvLWxhYnMvbG9jYXRpb25zL2F1c3RyYWxpYS1zb3V0aGVhc3QxL29wZXJhdGlvbnMvb3BlcmF0aW9uLTE3NzgyMDAzNjAxOTctNjUxNDM4OGNmMWJhOC05ODE1MzgwNy1kMTIxZGM1Zg {"name":"operations/cHJvamVjdHMvY29kZS16ZXJvLWxhYnMvbG9jYXRpb25zL2F1c3RyYWxpYS1zb3V0aGVhc3QxL29wZXJhdGlvbnMvb3BlcmF0aW9uLTE3NzgyMDAzNjAxOTctNjUxNDM4OGNmMWJhOC05ODE1MzgwNy1kMTIxZGM1Zg","metadata":{"@type":"type.googleapis.com/google.cloud.functions.v1.OperationMetadataV1","target":"projects/code-zero-labs/locations/australia-southeast1/functions/updatePaymentMethod","type":"CREATE_FUNCTION","request":{"@type":"type.googleapis.com/google.cloud.functions.v1.CloudFunction","name":"projects/code-zero-labs/locations/australia-southeast1/functions/updatePaymentMethod","httpsTrigger":{"securityLevel":"SECURE_ALWAYS"},"entryPoint":"updatePaymentMethod","updateTime":"1970-01-01T00:00:00Z","labels":{"deployment-tool":"cli-firebase","deployment-callable":"true","firebase-functions-hash":"410d984c064c03043eccca1f310c0a6d9d0d1697"},"sourceUploadUrl":"https://storage.googleapis.com/uploads-33856662241.australia-southeast1.cloudfunctions.appspot.com/b39652ef-05d7-46f1-8724-276f7604fadb.zip?GoogleAccessId=service-168689086085@gcf-admin-robot.iam.gserviceaccount.com&Expires=1778202140&Signature=nJXd0c5pKuQwRgIct3drN5046Yle0EiiASLmY6fwSyuJN0WuDFqH5%2F6ql62KR49kw50upChn47NmOH5dRn6ITOFBH71ehpTy03ORUrlkzh1vaSVOsmLQw1GXZvycmcv5BqBmjUb8QdCGPc1nI9NLYNqDSNOs%2BJWlttGGKzzA5vxH5oxaLLxwf38DXkEwN4pOY1T2jZNPuJ0T%2BnMdaynCNzv2gTrgUKXYLMJgj9dY6S1mNBm1N%2BqGJolZc%2FHuL0pV0lorA8T3GiLX1SRqQ6aqVvmbGkVx8UzWb63u8iVO1T1CYTOvTFkgaELHuio0VxuX8IkukqqIuI62CXGdhcOlJA%3D%3D","environmentVariables":{"FIREBASE_CONFIG":"{\"projectId\":\"code-zero-labs\",\"storageBucket\":\"code-zero-labs.firebasestorage.app\"}","GCLOUD_PROJECT":"code-zero-labs","EVENTARC_CLOUD_EVENT_SOURCE":"projects/code-zero-labs/locations/australia-southeast1/functions/updatePaymentMethod"},"runtime":"nodejs20","buildEnvironmentVariables":{"GOOGLE_NODE_RUN_SCRIPTS":""},"dockerRegistry":"ARTIFACT_REGISTRY"},"versionId":"1","updateTime":"2026-05-08T00:32:40.786486075Z"}}
[debug] [2026-05-08T00:33:08.747Z] [create-default-australia-southeast1-updatePaymentMethod] Retrying task index 0
[debug] [2026-05-08T00:33:08.748Z] Checked if tokens are valid: true, expires at: 1778201409725
[debug] [2026-05-08T00:33:08.748Z] Checked if tokens are valid: true, expires at: 1778201409725
[debug] [2026-05-08T00:33:08.749Z] >>> [apiv2][query] GET https://cloudfunctions.googleapis.com/v1/operations/cHJvamVjdHMvY29kZS16ZXJvLWxhYnMvbG9jYXRpb25zL2F1c3RyYWxpYS1zb3V0aGVhc3QxL29wZXJhdGlvbnMvb3BlcmF0aW9uLTE3NzgyMDAzNjAxOTctNjUxNDM4OGNmMWJhOC05ODE1MzgwNy1kMTIxZGM1Zg [none]
[debug] [2026-05-08T00:33:09.257Z] <<< [apiv2][status] GET https://cloudfunctions.googleapis.com/v1/operations/cHJvamVjdHMvY29kZS16ZXJvLWxhYnMvbG9jYXRpb25zL2F1c3RyYWxpYS1zb3V0aGVhc3QxL29wZXJhdGlvbnMvb3BlcmF0aW9uLTE3NzgyMDAzNjAxOTctNjUxNDM4OGNmMWJhOC05ODE1MzgwNy1kMTIxZGM1Zg 200
[debug] [2026-05-08T00:33:09.258Z] <<< [apiv2][body] GET https://cloudfunctions.googleapis.com/v1/operations/cHJvamVjdHMvY29kZS16ZXJvLWxhYnMvbG9jYXRpb25zL2F1c3RyYWxpYS1zb3V0aGVhc3QxL29wZXJhdGlvbnMvb3BlcmF0aW9uLTE3NzgyMDAzNjAxOTctNjUxNDM4OGNmMWJhOC05ODE1MzgwNy1kMTIxZGM1Zg {"name":"operations/cHJvamVjdHMvY29kZS16ZXJvLWxhYnMvbG9jYXRpb25zL2F1c3RyYWxpYS1zb3V0aGVhc3QxL29wZXJhdGlvbnMvb3BlcmF0aW9uLTE3NzgyMDAzNjAxOTctNjUxNDM4OGNmMWJhOC05ODE1MzgwNy1kMTIxZGM1Zg","metadata":{"@type":"type.googleapis.com/google.cloud.functions.v1.OperationMetadataV1","target":"projects/code-zero-labs/locations/australia-southeast1/functions/updatePaymentMethod","type":"CREATE_FUNCTION","request":{"@type":"type.googleapis.com/google.cloud.functions.v1.CloudFunction","name":"projects/code-zero-labs/locations/australia-southeast1/functions/updatePaymentMethod","httpsTrigger":{"securityLevel":"SECURE_ALWAYS"},"entryPoint":"updatePaymentMethod","updateTime":"1970-01-01T00:00:00Z","labels":{"deployment-tool":"cli-firebase","deployment-callable":"true","firebase-functions-hash":"410d984c064c03043eccca1f310c0a6d9d0d1697"},"sourceUploadUrl":"https://storage.googleapis.com/uploads-33856662241.australia-southeast1.cloudfunctions.appspot.com/b39652ef-05d7-46f1-8724-276f7604fadb.zip?GoogleAccessId=service-168689086085@gcf-admin-robot.iam.gserviceaccount.com&Expires=1778202140&Signature=nJXd0c5pKuQwRgIct3drN5046Yle0EiiASLmY6fwSyuJN0WuDFqH5%2F6ql62KR49kw50upChn47NmOH5dRn6ITOFBH71ehpTy03ORUrlkzh1vaSVOsmLQw1GXZvycmcv5BqBmjUb8QdCGPc1nI9NLYNqDSNOs%2BJWlttGGKzzA5vxH5oxaLLxwf38DXkEwN4pOY1T2jZNPuJ0T%2BnMdaynCNzv2gTrgUKXYLMJgj9dY6S1mNBm1N%2BqGJolZc%2FHuL0pV0lorA8T3GiLX1SRqQ6aqVvmbGkVx8UzWb63u8iVO1T1CYTOvTFkgaELHuio0VxuX8IkukqqIuI62CXGdhcOlJA%3D%3D","environmentVariables":{"FIREBASE_CONFIG":"{\"projectId\":\"code-zero-labs\",\"storageBucket\":\"code-zero-labs.firebasestorage.app\"}","GCLOUD_PROJECT":"code-zero-labs","EVENTARC_CLOUD_EVENT_SOURCE":"projects/code-zero-labs/locations/australia-southeast1/functions/updatePaymentMethod"},"runtime":"nodejs20","buildEnvironmentVariables":{"GOOGLE_NODE_RUN_SCRIPTS":""},"dockerRegistry":"ARTIFACT_REGISTRY"},"versionId":"1","updateTime":"2026-05-08T00:32:40.786486075Z","buildId":"a0ac0319-3a9e-4d1e-b4fa-864a0aecf601","buildName":"projects/168689086085/locations/australia-southeast1/builds/a0ac0319-3a9e-4d1e-b4fa-864a0aecf601"}}
[debug] [2026-05-08T00:33:19.260Z] [create-default-australia-southeast1-updatePaymentMethod] Retrying task index 0
[debug] [2026-05-08T00:33:19.265Z] Checked if tokens are valid: true, expires at: 1778201409725
[debug] [2026-05-08T00:33:19.265Z] Checked if tokens are valid: true, expires at: 1778201409725
[debug] [2026-05-08T00:33:19.265Z] >>> [apiv2][query] GET https://cloudfunctions.googleapis.com/v1/operations/cHJvamVjdHMvY29kZS16ZXJvLWxhYnMvbG9jYXRpb25zL2F1c3RyYWxpYS1zb3V0aGVhc3QxL29wZXJhdGlvbnMvb3BlcmF0aW9uLTE3NzgyMDAzNjAxOTctNjUxNDM4OGNmMWJhOC05ODE1MzgwNy1kMTIxZGM1Zg [none]
[debug] [2026-05-08T00:33:19.705Z] <<< [apiv2][status] GET https://cloudfunctions.googleapis.com/v1/operations/cHJvamVjdHMvY29kZS16ZXJvLWxhYnMvbG9jYXRpb25zL2F1c3RyYWxpYS1zb3V0aGVhc3QxL29wZXJhdGlvbnMvb3BlcmF0aW9uLTE3NzgyMDAzNjAxOTctNjUxNDM4OGNmMWJhOC05ODE1MzgwNy1kMTIxZGM1Zg 200
[debug] [2026-05-08T00:33:19.706Z] <<< [apiv2][body] GET https://cloudfunctions.googleapis.com/v1/operations/cHJvamVjdHMvY29kZS16ZXJvLWxhYnMvbG9jYXRpb25zL2F1c3RyYWxpYS1zb3V0aGVhc3QxL29wZXJhdGlvbnMvb3BlcmF0aW9uLTE3NzgyMDAzNjAxOTctNjUxNDM4OGNmMWJhOC05ODE1MzgwNy1kMTIxZGM1Zg {"name":"operations/cHJvamVjdHMvY29kZS16ZXJvLWxhYnMvbG9jYXRpb25zL2F1c3RyYWxpYS1zb3V0aGVhc3QxL29wZXJhdGlvbnMvb3BlcmF0aW9uLTE3NzgyMDAzNjAxOTctNjUxNDM4OGNmMWJhOC05ODE1MzgwNy1kMTIxZGM1Zg","metadata":{"@type":"type.googleapis.com/google.cloud.functions.v1.OperationMetadataV1","target":"projects/code-zero-labs/locations/australia-southeast1/functions/updatePaymentMethod","type":"CREATE_FUNCTION","request":{"@type":"type.googleapis.com/google.cloud.functions.v1.CloudFunction","name":"projects/code-zero-labs/locations/australia-southeast1/functions/updatePaymentMethod","httpsTrigger":{"securityLevel":"SECURE_ALWAYS"},"entryPoint":"updatePaymentMethod","updateTime":"1970-01-01T00:00:00Z","labels":{"deployment-tool":"cli-firebase","deployment-callable":"true","firebase-functions-hash":"410d984c064c03043eccca1f310c0a6d9d0d1697"},"sourceUploadUrl":"https://storage.googleapis.com/uploads-33856662241.australia-southeast1.cloudfunctions.appspot.com/b39652ef-05d7-46f1-8724-276f7604fadb.zip?GoogleAccessId=service-168689086085@gcf-admin-robot.iam.gserviceaccount.com&Expires=1778202140&Signature=nJXd0c5pKuQwRgIct3drN5046Yle0EiiASLmY6fwSyuJN0WuDFqH5%2F6ql62KR49kw50upChn47NmOH5dRn6ITOFBH71ehpTy03ORUrlkzh1vaSVOsmLQw1GXZvycmcv5BqBmjUb8QdCGPc1nI9NLYNqDSNOs%2BJWlttGGKzzA5vxH5oxaLLxwf38DXkEwN4pOY1T2jZNPuJ0T%2BnMdaynCNzv2gTrgUKXYLMJgj9dY6S1mNBm1N%2BqGJolZc%2FHuL0pV0lorA8T3GiLX1SRqQ6aqVvmbGkVx8UzWb63u8iVO1T1CYTOvTFkgaELHuio0VxuX8IkukqqIuI62CXGdhcOlJA%3D%3D","environmentVariables":{"FIREBASE_CONFIG":"{\"projectId\":\"code-zero-labs\",\"storageBucket\":\"code-zero-labs.firebasestorage.app\"}","GCLOUD_PROJECT":"code-zero-labs","EVENTARC_CLOUD_EVENT_SOURCE":"projects/code-zero-labs/locations/australia-southeast1/functions/updatePaymentMethod"},"runtime":"nodejs20","buildEnvironmentVariables":{"GOOGLE_NODE_RUN_SCRIPTS":""},"dockerRegistry":"ARTIFACT_REGISTRY"},"versionId":"1","updateTime":"2026-05-08T00:32:40.786486075Z","buildId":"a0ac0319-3a9e-4d1e-b4fa-864a0aecf601","buildName":"projects/168689086085/locations/australia-southeast1/builds/a0ac0319-3a9e-4d1e-b4fa-864a0aecf601"}}
[debug] [2026-05-08T00:33:29.706Z] [create-default-australia-southeast1-updatePaymentMethod] Retrying task index 0
[debug] [2026-05-08T00:33:29.706Z] Checked if tokens are valid: true, expires at: 1778201409725
[debug] [2026-05-08T00:33:29.707Z] Checked if tokens are valid: true, expires at: 1778201409725
[debug] [2026-05-08T00:33:29.707Z] >>> [apiv2][query] GET https://cloudfunctions.googleapis.com/v1/operations/cHJvamVjdHMvY29kZS16ZXJvLWxhYnMvbG9jYXRpb25zL2F1c3RyYWxpYS1zb3V0aGVhc3QxL29wZXJhdGlvbnMvb3BlcmF0aW9uLTE3NzgyMDAzNjAxOTctNjUxNDM4OGNmMWJhOC05ODE1MzgwNy1kMTIxZGM1Zg [none]
[debug] [2026-05-08T00:33:30.244Z] <<< [apiv2][status] GET https://cloudfunctions.googleapis.com/v1/operations/cHJvamVjdHMvY29kZS16ZXJvLWxhYnMvbG9jYXRpb25zL2F1c3RyYWxpYS1zb3V0aGVhc3QxL29wZXJhdGlvbnMvb3BlcmF0aW9uLTE3NzgyMDAzNjAxOTctNjUxNDM4OGNmMWJhOC05ODE1MzgwNy1kMTIxZGM1Zg 200
[debug] [2026-05-08T00:33:30.245Z] <<< [apiv2][body] GET https://cloudfunctions.googleapis.com/v1/operations/cHJvamVjdHMvY29kZS16ZXJvLWxhYnMvbG9jYXRpb25zL2F1c3RyYWxpYS1zb3V0aGVhc3QxL29wZXJhdGlvbnMvb3BlcmF0aW9uLTE3NzgyMDAzNjAxOTctNjUxNDM4OGNmMWJhOC05ODE1MzgwNy1kMTIxZGM1Zg {"name":"operations/cHJvamVjdHMvY29kZS16ZXJvLWxhYnMvbG9jYXRpb25zL2F1c3RyYWxpYS1zb3V0aGVhc3QxL29wZXJhdGlvbnMvb3BlcmF0aW9uLTE3NzgyMDAzNjAxOTctNjUxNDM4OGNmMWJhOC05ODE1MzgwNy1kMTIxZGM1Zg","metadata":{"@type":"type.googleapis.com/google.cloud.functions.v1.OperationMetadataV1","target":"projects/code-zero-labs/locations/australia-southeast1/functions/updatePaymentMethod","type":"CREATE_FUNCTION","request":{"@type":"type.googleapis.com/google.cloud.functions.v1.CloudFunction","name":"projects/code-zero-labs/locations/australia-southeast1/functions/updatePaymentMethod","httpsTrigger":{"securityLevel":"SECURE_ALWAYS"},"entryPoint":"updatePaymentMethod","updateTime":"1970-01-01T00:00:00Z","labels":{"deployment-tool":"cli-firebase","deployment-callable":"true","firebase-functions-hash":"410d984c064c03043eccca1f310c0a6d9d0d1697"},"sourceUploadUrl":"https://storage.googleapis.com/uploads-33856662241.australia-southeast1.cloudfunctions.appspot.com/b39652ef-05d7-46f1-8724-276f7604fadb.zip?GoogleAccessId=service-168689086085@gcf-admin-robot.iam.gserviceaccount.com&Expires=1778202140&Signature=nJXd0c5pKuQwRgIct3drN5046Yle0EiiASLmY6fwSyuJN0WuDFqH5%2F6ql62KR49kw50upChn47NmOH5dRn6ITOFBH71ehpTy03ORUrlkzh1vaSVOsmLQw1GXZvycmcv5BqBmjUb8QdCGPc1nI9NLYNqDSNOs%2BJWlttGGKzzA5vxH5oxaLLxwf38DXkEwN4pOY1T2jZNPuJ0T%2BnMdaynCNzv2gTrgUKXYLMJgj9dY6S1mNBm1N%2BqGJolZc%2FHuL0pV0lorA8T3GiLX1SRqQ6aqVvmbGkVx8UzWb63u8iVO1T1CYTOvTFkgaELHuio0VxuX8IkukqqIuI62CXGdhcOlJA%3D%3D","environmentVariables":{"FIREBASE_CONFIG":"{\"projectId\":\"code-zero-labs\",\"storageBucket\":\"code-zero-labs.firebasestorage.app\"}","GCLOUD_PROJECT":"code-zero-labs","EVENTARC_CLOUD_EVENT_SOURCE":"projects/code-zero-labs/locations/australia-southeast1/functions/updatePaymentMethod"},"runtime":"nodejs20","buildEnvironmentVariables":{"GOOGLE_NODE_RUN_SCRIPTS":""},"dockerRegistry":"ARTIFACT_REGISTRY"},"versionId":"1","updateTime":"2026-05-08T00:32:40.786486075Z","buildId":"a0ac0319-3a9e-4d1e-b4fa-864a0aecf601","buildName":"projects/168689086085/locations/australia-southeast1/builds/a0ac0319-3a9e-4d1e-b4fa-864a0aecf601"}}
[debug] [2026-05-08T00:33:40.246Z] [create-default-australia-southeast1-updatePaymentMethod] Retrying task index 0
[debug] [2026-05-08T00:33:40.246Z] Checked if tokens are valid: true, expires at: 1778201409725
[debug] [2026-05-08T00:33:40.246Z] Checked if tokens are valid: true, expires at: 1778201409725
[debug] [2026-05-08T00:33:40.247Z] >>> [apiv2][query] GET https://cloudfunctions.googleapis.com/v1/operations/cHJvamVjdHMvY29kZS16ZXJvLWxhYnMvbG9jYXRpb25zL2F1c3RyYWxpYS1zb3V0aGVhc3QxL29wZXJhdGlvbnMvb3BlcmF0aW9uLTE3NzgyMDAzNjAxOTctNjUxNDM4OGNmMWJhOC05ODE1MzgwNy1kMTIxZGM1Zg [none]
[debug] [2026-05-08T00:33:40.755Z] <<< [apiv2][status] GET https://cloudfunctions.googleapis.com/v1/operations/cHJvamVjdHMvY29kZS16ZXJvLWxhYnMvbG9jYXRpb25zL2F1c3RyYWxpYS1zb3V0aGVhc3QxL29wZXJhdGlvbnMvb3BlcmF0aW9uLTE3NzgyMDAzNjAxOTctNjUxNDM4OGNmMWJhOC05ODE1MzgwNy1kMTIxZGM1Zg 200
[debug] [2026-05-08T00:33:40.756Z] <<< [apiv2][body] GET https://cloudfunctions.googleapis.com/v1/operations/cHJvamVjdHMvY29kZS16ZXJvLWxhYnMvbG9jYXRpb25zL2F1c3RyYWxpYS1zb3V0aGVhc3QxL29wZXJhdGlvbnMvb3BlcmF0aW9uLTE3NzgyMDAzNjAxOTctNjUxNDM4OGNmMWJhOC05ODE1MzgwNy1kMTIxZGM1Zg {"name":"operations/cHJvamVjdHMvY29kZS16ZXJvLWxhYnMvbG9jYXRpb25zL2F1c3RyYWxpYS1zb3V0aGVhc3QxL29wZXJhdGlvbnMvb3BlcmF0aW9uLTE3NzgyMDAzNjAxOTctNjUxNDM4OGNmMWJhOC05ODE1MzgwNy1kMTIxZGM1Zg","metadata":{"@type":"type.googleapis.com/google.cloud.functions.v1.OperationMetadataV1","target":"projects/code-zero-labs/locations/australia-southeast1/functions/updatePaymentMethod","type":"CREATE_FUNCTION","request":{"@type":"type.googleapis.com/google.cloud.functions.v1.CloudFunction","name":"projects/code-zero-labs/locations/australia-southeast1/functions/updatePaymentMethod","httpsTrigger":{"securityLevel":"SECURE_ALWAYS"},"entryPoint":"updatePaymentMethod","updateTime":"1970-01-01T00:00:00Z","labels":{"deployment-tool":"cli-firebase","deployment-callable":"true","firebase-functions-hash":"410d984c064c03043eccca1f310c0a6d9d0d1697"},"sourceUploadUrl":"https://storage.googleapis.com/uploads-33856662241.australia-southeast1.cloudfunctions.appspot.com/b39652ef-05d7-46f1-8724-276f7604fadb.zip?GoogleAccessId=service-168689086085@gcf-admin-robot.iam.gserviceaccount.com&Expires=1778202140&Signature=nJXd0c5pKuQwRgIct3drN5046Yle0EiiASLmY6fwSyuJN0WuDFqH5%2F6ql62KR49kw50upChn47NmOH5dRn6ITOFBH71ehpTy03ORUrlkzh1vaSVOsmLQw1GXZvycmcv5BqBmjUb8QdCGPc1nI9NLYNqDSNOs%2BJWlttGGKzzA5vxH5oxaLLxwf38DXkEwN4pOY1T2jZNPuJ0T%2BnMdaynCNzv2gTrgUKXYLMJgj9dY6S1mNBm1N%2BqGJolZc%2FHuL0pV0lorA8T3GiLX1SRqQ6aqVvmbGkVx8UzWb63u8iVO1T1CYTOvTFkgaELHuio0VxuX8IkukqqIuI62CXGdhcOlJA%3D%3D","environmentVariables":{"FIREBASE_CONFIG":"{\"projectId\":\"code-zero-labs\",\"storageBucket\":\"code-zero-labs.firebasestorage.app\"}","GCLOUD_PROJECT":"code-zero-labs","EVENTARC_CLOUD_EVENT_SOURCE":"projects/code-zero-labs/locations/australia-southeast1/functions/updatePaymentMethod"},"runtime":"nodejs20","buildEnvironmentVariables":{"GOOGLE_NODE_RUN_SCRIPTS":""},"dockerRegistry":"ARTIFACT_REGISTRY"},"versionId":"1","updateTime":"2026-05-08T00:32:40.786486075Z","buildId":"a0ac0319-3a9e-4d1e-b4fa-864a0aecf601","buildName":"projects/168689086085/locations/australia-southeast1/builds/a0ac0319-3a9e-4d1e-b4fa-864a0aecf601"}}
[debug] [2026-05-08T00:33:50.756Z] [create-default-australia-southeast1-updatePaymentMethod] Retrying task index 0
[debug] [2026-05-08T00:33:50.757Z] Checked if tokens are valid: true, expires at: 1778201409725
[debug] [2026-05-08T00:33:50.758Z] Checked if tokens are valid: true, expires at: 1778201409725
[debug] [2026-05-08T00:33:50.758Z] >>> [apiv2][query] GET https://cloudfunctions.googleapis.com/v1/operations/cHJvamVjdHMvY29kZS16ZXJvLWxhYnMvbG9jYXRpb25zL2F1c3RyYWxpYS1zb3V0aGVhc3QxL29wZXJhdGlvbnMvb3BlcmF0aW9uLTE3NzgyMDAzNjAxOTctNjUxNDM4OGNmMWJhOC05ODE1MzgwNy1kMTIxZGM1Zg [none]
[debug] [2026-05-08T00:33:51.280Z] <<< [apiv2][status] GET https://cloudfunctions.googleapis.com/v1/operations/cHJvamVjdHMvY29kZS16ZXJvLWxhYnMvbG9jYXRpb25zL2F1c3RyYWxpYS1zb3V0aGVhc3QxL29wZXJhdGlvbnMvb3BlcmF0aW9uLTE3NzgyMDAzNjAxOTctNjUxNDM4OGNmMWJhOC05ODE1MzgwNy1kMTIxZGM1Zg 200
[debug] [2026-05-08T00:33:51.281Z] <<< [apiv2][body] GET https://cloudfunctions.googleapis.com/v1/operations/cHJvamVjdHMvY29kZS16ZXJvLWxhYnMvbG9jYXRpb25zL2F1c3RyYWxpYS1zb3V0aGVhc3QxL29wZXJhdGlvbnMvb3BlcmF0aW9uLTE3NzgyMDAzNjAxOTctNjUxNDM4OGNmMWJhOC05ODE1MzgwNy1kMTIxZGM1Zg {"name":"operations/cHJvamVjdHMvY29kZS16ZXJvLWxhYnMvbG9jYXRpb25zL2F1c3RyYWxpYS1zb3V0aGVhc3QxL29wZXJhdGlvbnMvb3BlcmF0aW9uLTE3NzgyMDAzNjAxOTctNjUxNDM4OGNmMWJhOC05ODE1MzgwNy1kMTIxZGM1Zg","metadata":{"@type":"type.googleapis.com/google.cloud.functions.v1.OperationMetadataV1","target":"projects/code-zero-labs/locations/australia-southeast1/functions/updatePaymentMethod","type":"CREATE_FUNCTION","request":{"@type":"type.googleapis.com/google.cloud.functions.v1.CloudFunction","name":"projects/code-zero-labs/locations/australia-southeast1/functions/updatePaymentMethod","httpsTrigger":{"securityLevel":"SECURE_ALWAYS"},"entryPoint":"updatePaymentMethod","updateTime":"1970-01-01T00:00:00Z","labels":{"deployment-tool":"cli-firebase","deployment-callable":"true","firebase-functions-hash":"410d984c064c03043eccca1f310c0a6d9d0d1697"},"sourceUploadUrl":"https://storage.googleapis.com/uploads-33856662241.australia-southeast1.cloudfunctions.appspot.com/b39652ef-05d7-46f1-8724-276f7604fadb.zip?GoogleAccessId=service-168689086085@gcf-admin-robot.iam.gserviceaccount.com&Expires=1778202140&Signature=nJXd0c5pKuQwRgIct3drN5046Yle0EiiASLmY6fwSyuJN0WuDFqH5%2F6ql62KR49kw50upChn47NmOH5dRn6ITOFBH71ehpTy03ORUrlkzh1vaSVOsmLQw1GXZvycmcv5BqBmjUb8QdCGPc1nI9NLYNqDSNOs%2BJWlttGGKzzA5vxH5oxaLLxwf38DXkEwN4pOY1T2jZNPuJ0T%2BnMdaynCNzv2gTrgUKXYLMJgj9dY6S1mNBm1N%2BqGJolZc%2FHuL0pV0lorA8T3GiLX1SRqQ6aqVvmbGkVx8UzWb63u8iVO1T1CYTOvTFkgaELHuio0VxuX8IkukqqIuI62CXGdhcOlJA%3D%3D","environmentVariables":{"FIREBASE_CONFIG":"{\"projectId\":\"code-zero-labs\",\"storageBucket\":\"code-zero-labs.firebasestorage.app\"}","GCLOUD_PROJECT":"code-zero-labs","EVENTARC_CLOUD_EVENT_SOURCE":"projects/code-zero-labs/locations/australia-southeast1/functions/updatePaymentMethod"},"runtime":"nodejs20","buildEnvironmentVariables":{"GOOGLE_NODE_RUN_SCRIPTS":""},"dockerRegistry":"ARTIFACT_REGISTRY"},"versionId":"1","updateTime":"2026-05-08T00:32:40.786486075Z","buildId":"a0ac0319-3a9e-4d1e-b4fa-864a0aecf601","buildName":"projects/168689086085/locations/australia-southeast1/builds/a0ac0319-3a9e-4d1e-b4fa-864a0aecf601"}}
[debug] [2026-05-08T00:34:01.282Z] [create-default-australia-southeast1-updatePaymentMethod] Retrying task index 0
[debug] [2026-05-08T00:34:01.283Z] Checked if tokens are valid: true, expires at: 1778201409725
[debug] [2026-05-08T00:34:01.283Z] Checked if tokens are valid: true, expires at: 1778201409725
[debug] [2026-05-08T00:34:01.283Z] >>> [apiv2][query] GET https://cloudfunctions.googleapis.com/v1/operations/cHJvamVjdHMvY29kZS16ZXJvLWxhYnMvbG9jYXRpb25zL2F1c3RyYWxpYS1zb3V0aGVhc3QxL29wZXJhdGlvbnMvb3BlcmF0aW9uLTE3NzgyMDAzNjAxOTctNjUxNDM4OGNmMWJhOC05ODE1MzgwNy1kMTIxZGM1Zg [none]
[debug] [2026-05-08T00:34:01.823Z] <<< [apiv2][status] GET https://cloudfunctions.googleapis.com/v1/operations/cHJvamVjdHMvY29kZS16ZXJvLWxhYnMvbG9jYXRpb25zL2F1c3RyYWxpYS1zb3V0aGVhc3QxL29wZXJhdGlvbnMvb3BlcmF0aW9uLTE3NzgyMDAzNjAxOTctNjUxNDM4OGNmMWJhOC05ODE1MzgwNy1kMTIxZGM1Zg 200
[debug] [2026-05-08T00:34:01.824Z] <<< [apiv2][body] GET https://cloudfunctions.googleapis.com/v1/operations/cHJvamVjdHMvY29kZS16ZXJvLWxhYnMvbG9jYXRpb25zL2F1c3RyYWxpYS1zb3V0aGVhc3QxL29wZXJhdGlvbnMvb3BlcmF0aW9uLTE3NzgyMDAzNjAxOTctNjUxNDM4OGNmMWJhOC05ODE1MzgwNy1kMTIxZGM1Zg {"name":"operations/cHJvamVjdHMvY29kZS16ZXJvLWxhYnMvbG9jYXRpb25zL2F1c3RyYWxpYS1zb3V0aGVhc3QxL29wZXJhdGlvbnMvb3BlcmF0aW9uLTE3NzgyMDAzNjAxOTctNjUxNDM4OGNmMWJhOC05ODE1MzgwNy1kMTIxZGM1Zg","metadata":{"@type":"type.googleapis.com/google.cloud.functions.v1.OperationMetadataV1","target":"projects/code-zero-labs/locations/australia-southeast1/functions/updatePaymentMethod","type":"CREATE_FUNCTION","request":{"@type":"type.googleapis.com/google.cloud.functions.v1.CloudFunction","name":"projects/code-zero-labs/locations/australia-southeast1/functions/updatePaymentMethod","httpsTrigger":{"securityLevel":"SECURE_ALWAYS"},"entryPoint":"updatePaymentMethod","updateTime":"1970-01-01T00:00:00Z","labels":{"deployment-tool":"cli-firebase","deployment-callable":"true","firebase-functions-hash":"410d984c064c03043eccca1f310c0a6d9d0d1697"},"sourceUploadUrl":"https://storage.googleapis.com/uploads-33856662241.australia-southeast1.cloudfunctions.appspot.com/b39652ef-05d7-46f1-8724-276f7604fadb.zip?GoogleAccessId=service-168689086085@gcf-admin-robot.iam.gserviceaccount.com&Expires=1778202140&Signature=nJXd0c5pKuQwRgIct3drN5046Yle0EiiASLmY6fwSyuJN0WuDFqH5%2F6ql62KR49kw50upChn47NmOH5dRn6ITOFBH71ehpTy03ORUrlkzh1vaSVOsmLQw1GXZvycmcv5BqBmjUb8QdCGPc1nI9NLYNqDSNOs%2BJWlttGGKzzA5vxH5oxaLLxwf38DXkEwN4pOY1T2jZNPuJ0T%2BnMdaynCNzv2gTrgUKXYLMJgj9dY6S1mNBm1N%2BqGJolZc%2FHuL0pV0lorA8T3GiLX1SRqQ6aqVvmbGkVx8UzWb63u8iVO1T1CYTOvTFkgaELHuio0VxuX8IkukqqIuI62CXGdhcOlJA%3D%3D","environmentVariables":{"FIREBASE_CONFIG":"{\"projectId\":\"code-zero-labs\",\"storageBucket\":\"code-zero-labs.firebasestorage.app\"}","GCLOUD_PROJECT":"code-zero-labs","EVENTARC_CLOUD_EVENT_SOURCE":"projects/code-zero-labs/locations/australia-southeast1/functions/updatePaymentMethod"},"runtime":"nodejs20","buildEnvironmentVariables":{"GOOGLE_NODE_RUN_SCRIPTS":""},"dockerRegistry":"ARTIFACT_REGISTRY"},"versionId":"1","updateTime":"2026-05-08T00:32:40.786486075Z","buildId":"a0ac0319-3a9e-4d1e-b4fa-864a0aecf601","sourceToken":"e7b4070e-69e0-4562-a390-99fe812da4b9","buildName":"projects/168689086085/locations/australia-southeast1/builds/a0ac0319-3a9e-4d1e-b4fa-864a0aecf601"}}
[debug] [2026-05-08T00:34:01.824Z] Got source token e7b4070e-69e0-4562-a390-99fe812da4b9 for region australia-southeast1
[debug] [2026-05-08T00:34:01.825Z] Checked if tokens are valid: true, expires at: 1778201409725
[debug] [2026-05-08T00:34:01.825Z] Checked if tokens are valid: true, expires at: 1778201409725
[debug] [2026-05-08T00:34:01.825Z] Checked if tokens are valid: true, expires at: 1778201409725
[debug] [2026-05-08T00:34:01.826Z] Checked if tokens are valid: true, expires at: 1778201409725
[debug] [2026-05-08T00:34:01.826Z] >>> [apiv2][query] POST https://cloudfunctions.googleapis.com/v1/projects/code-zero-labs/locations/australia-southeast1/functions [none]
[debug] [2026-05-08T00:34:01.827Z] >>> [apiv2][body] POST https://cloudfunctions.googleapis.com/v1/projects/code-zero-labs/locations/australia-southeast1/functions {"name":"projects/code-zero-labs/locations/australia-southeast1/functions/deletePaymentMethod","sourceUploadUrl":"https://storage.googleapis.com/uploads-33856662241.australia-southeast1.cloudfunctions.appspot.com/b39652ef-05d7-46f1-8724-276f7604fadb.zip?GoogleAccessId=service-168689086085@gcf-admin-robot.iam.gserviceaccount.com&Expires=1778202140&Signature=nJXd0c5pKuQwRgIct3drN5046Yle0EiiASLmY6fwSyuJN0WuDFqH5%2F6ql62KR49kw50upChn47NmOH5dRn6ITOFBH71ehpTy03ORUrlkzh1vaSVOsmLQw1GXZvycmcv5BqBmjUb8QdCGPc1nI9NLYNqDSNOs%2BJWlttGGKzzA5vxH5oxaLLxwf38DXkEwN4pOY1T2jZNPuJ0T%2BnMdaynCNzv2gTrgUKXYLMJgj9dY6S1mNBm1N%2BqGJolZc%2FHuL0pV0lorA8T3GiLX1SRqQ6aqVvmbGkVx8UzWb63u8iVO1T1CYTOvTFkgaELHuio0VxuX8IkukqqIuI62CXGdhcOlJA%3D%3D","entryPoint":"deletePaymentMethod","runtime":"nodejs20","dockerRegistry":"ARTIFACT_REGISTRY","labels":{"deployment-tool":"cli-firebase","deployment-callable":"true","firebase-functions-hash":"410d984c064c03043eccca1f310c0a6d9d0d1697"},"httpsTrigger":{"securityLevel":"SECURE_ALWAYS"},"minInstances":null,"maxInstances":null,"ingressSettings":null,"environmentVariables":{"FIREBASE_CONFIG":"{\"projectId\":\"code-zero-labs\",\"storageBucket\":\"code-zero-labs.firebasestorage.app\"}","GCLOUD_PROJECT":"code-zero-labs","EVENTARC_CLOUD_EVENT_SOURCE":"projects/code-zero-labs/locations/australia-southeast1/functions/deletePaymentMethod"},"serviceAccountEmail":null,"availableMemoryMb":null,"timeout":null,"vpcConnector":null,"vpcConnectorEgressSettings":null,"sourceToken":"e7b4070e-69e0-4562-a390-99fe812da4b9","buildEnvironmentVariables":{"GOOGLE_NODE_RUN_SCRIPTS":""}}
[debug] [2026-05-08T00:34:01.828Z] >>> [apiv2][query] POST https://cloudfunctions.googleapis.com/v1/projects/code-zero-labs/locations/australia-southeast1/functions [none]
[debug] [2026-05-08T00:34:01.828Z] >>> [apiv2][body] POST https://cloudfunctions.googleapis.com/v1/projects/code-zero-labs/locations/australia-southeast1/functions {"name":"projects/code-zero-labs/locations/australia-southeast1/functions/crmHealth","sourceUploadUrl":"https://storage.googleapis.com/uploads-33856662241.australia-southeast1.cloudfunctions.appspot.com/b39652ef-05d7-46f1-8724-276f7604fadb.zip?GoogleAccessId=service-168689086085@gcf-admin-robot.iam.gserviceaccount.com&Expires=1778202140&Signature=nJXd0c5pKuQwRgIct3drN5046Yle0EiiASLmY6fwSyuJN0WuDFqH5%2F6ql62KR49kw50upChn47NmOH5dRn6ITOFBH71ehpTy03ORUrlkzh1vaSVOsmLQw1GXZvycmcv5BqBmjUb8QdCGPc1nI9NLYNqDSNOs%2BJWlttGGKzzA5vxH5oxaLLxwf38DXkEwN4pOY1T2jZNPuJ0T%2BnMdaynCNzv2gTrgUKXYLMJgj9dY6S1mNBm1N%2BqGJolZc%2FHuL0pV0lorA8T3GiLX1SRqQ6aqVvmbGkVx8UzWb63u8iVO1T1CYTOvTFkgaELHuio0VxuX8IkukqqIuI62CXGdhcOlJA%3D%3D","entryPoint":"crmHealth","runtime":"nodejs20","dockerRegistry":"ARTIFACT_REGISTRY","labels":{"deployment-tool":"cli-firebase","firebase-functions-hash":"410d984c064c03043eccca1f310c0a6d9d0d1697"},"httpsTrigger":{"securityLevel":"SECURE_ALWAYS"},"minInstances":null,"maxInstances":null,"ingressSettings":null,"environmentVariables":{"FIREBASE_CONFIG":"{\"projectId\":\"code-zero-labs\",\"storageBucket\":\"code-zero-labs.firebasestorage.app\"}","GCLOUD_PROJECT":"code-zero-labs","EVENTARC_CLOUD_EVENT_SOURCE":"projects/code-zero-labs/locations/australia-southeast1/functions/crmHealth"},"serviceAccountEmail":null,"availableMemoryMb":null,"timeout":null,"vpcConnector":null,"vpcConnectorEgressSettings":null,"sourceToken":"e7b4070e-69e0-4562-a390-99fe812da4b9","buildEnvironmentVariables":{"GOOGLE_NODE_RUN_SCRIPTS":""}}
[debug] [2026-05-08T00:34:02.815Z] <<< [apiv2][status] POST https://cloudfunctions.googleapis.com/v1/projects/code-zero-labs/locations/australia-southeast1/functions 200
[debug] [2026-05-08T00:34:02.816Z] <<< [apiv2][body] POST https://cloudfunctions.googleapis.com/v1/projects/code-zero-labs/locations/australia-southeast1/functions {"name":"operations/cHJvamVjdHMvY29kZS16ZXJvLWxhYnMvbG9jYXRpb25zL2F1c3RyYWxpYS1zb3V0aGVhc3QxL29wZXJhdGlvbnMvb3BlcmF0aW9uLTE3NzgyMDA0NDIyMjYtNjUxNDM4ZGIyYzZmOC0zNzYwMDhmMC1iYjI5MzE0MQ","metadata":{"@type":"type.googleapis.com/google.cloud.functions.v1.OperationMetadataV1","target":"projects/code-zero-labs/locations/australia-southeast1/functions/deletePaymentMethod","updateTime":"2026-05-08T00:34:02.789357305Z"}}
[debug] [2026-05-08T00:34:02.817Z] Checked if tokens are valid: true, expires at: 1778201409725
[debug] [2026-05-08T00:34:02.817Z] Checked if tokens are valid: true, expires at: 1778201409725
[debug] [2026-05-08T00:34:02.817Z] >>> [apiv2][query] GET https://cloudfunctions.googleapis.com/v1/operations/cHJvamVjdHMvY29kZS16ZXJvLWxhYnMvbG9jYXRpb25zL2F1c3RyYWxpYS1zb3V0aGVhc3QxL29wZXJhdGlvbnMvb3BlcmF0aW9uLTE3NzgyMDA0NDIyMjYtNjUxNDM4ZGIyYzZmOC0zNzYwMDhmMC1iYjI5MzE0MQ [none]
[debug] [2026-05-08T00:34:02.996Z] <<< [apiv2][status] POST https://cloudfunctions.googleapis.com/v1/projects/code-zero-labs/locations/australia-southeast1/functions 200
[debug] [2026-05-08T00:34:02.996Z] <<< [apiv2][body] POST https://cloudfunctions.googleapis.com/v1/projects/code-zero-labs/locations/australia-southeast1/functions {"name":"operations/cHJvamVjdHMvY29kZS16ZXJvLWxhYnMvbG9jYXRpb25zL2F1c3RyYWxpYS1zb3V0aGVhc3QxL29wZXJhdGlvbnMvb3BlcmF0aW9uLTE3NzgyMDA0NDI0MzktNjUxNDM4ZGI2MDdjMi1jZDRkZDY3My01ZDQzNDQzMA","metadata":{"@type":"type.googleapis.com/google.cloud.functions.v1.OperationMetadataV1","target":"projects/code-zero-labs/locations/australia-southeast1/functions/crmHealth","updateTime":"2026-05-08T00:34:02.952316433Z"}}
[debug] [2026-05-08T00:34:02.997Z] Checked if tokens are valid: true, expires at: 1778201409725
[debug] [2026-05-08T00:34:02.997Z] Checked if tokens are valid: true, expires at: 1778201409725
[debug] [2026-05-08T00:34:02.997Z] >>> [apiv2][query] GET https://cloudfunctions.googleapis.com/v1/operations/cHJvamVjdHMvY29kZS16ZXJvLWxhYnMvbG9jYXRpb25zL2F1c3RyYWxpYS1zb3V0aGVhc3QxL29wZXJhdGlvbnMvb3BlcmF0aW9uLTE3NzgyMDA0NDI0MzktNjUxNDM4ZGI2MDdjMi1jZDRkZDY3My01ZDQzNDQzMA [none]
[debug] [2026-05-08T00:34:03.196Z] <<< [apiv2][status] GET https://cloudfunctions.googleapis.com/v1/operations/cHJvamVjdHMvY29kZS16ZXJvLWxhYnMvbG9jYXRpb25zL2F1c3RyYWxpYS1zb3V0aGVhc3QxL29wZXJhdGlvbnMvb3BlcmF0aW9uLTE3NzgyMDA0NDIyMjYtNjUxNDM4ZGIyYzZmOC0zNzYwMDhmMC1iYjI5MzE0MQ 200
[debug] [2026-05-08T00:34:03.197Z] <<< [apiv2][body] GET https://cloudfunctions.googleapis.com/v1/operations/cHJvamVjdHMvY29kZS16ZXJvLWxhYnMvbG9jYXRpb25zL2F1c3RyYWxpYS1zb3V0aGVhc3QxL29wZXJhdGlvbnMvb3BlcmF0aW9uLTE3NzgyMDA0NDIyMjYtNjUxNDM4ZGIyYzZmOC0zNzYwMDhmMC1iYjI5MzE0MQ {"name":"operations/cHJvamVjdHMvY29kZS16ZXJvLWxhYnMvbG9jYXRpb25zL2F1c3RyYWxpYS1zb3V0aGVhc3QxL29wZXJhdGlvbnMvb3BlcmF0aW9uLTE3NzgyMDA0NDIyMjYtNjUxNDM4ZGIyYzZmOC0zNzYwMDhmMC1iYjI5MzE0MQ","metadata":{"@type":"type.googleapis.com/google.cloud.functions.v1.OperationMetadataV1","target":"projects/code-zero-labs/locations/australia-southeast1/functions/deletePaymentMethod","updateTime":"2026-05-08T00:34:02.789357305Z"}}
[debug] [2026-05-08T00:34:03.350Z] <<< [apiv2][status] GET https://cloudfunctions.googleapis.com/v1/operations/cHJvamVjdHMvY29kZS16ZXJvLWxhYnMvbG9jYXRpb25zL2F1c3RyYWxpYS1zb3V0aGVhc3QxL29wZXJhdGlvbnMvb3BlcmF0aW9uLTE3NzgyMDA0NDI0MzktNjUxNDM4ZGI2MDdjMi1jZDRkZDY3My01ZDQzNDQzMA 200
[debug] [2026-05-08T00:34:03.351Z] <<< [apiv2][body] GET https://cloudfunctions.googleapis.com/v1/operations/cHJvamVjdHMvY29kZS16ZXJvLWxhYnMvbG9jYXRpb25zL2F1c3RyYWxpYS1zb3V0aGVhc3QxL29wZXJhdGlvbnMvb3BlcmF0aW9uLTE3NzgyMDA0NDI0MzktNjUxNDM4ZGI2MDdjMi1jZDRkZDY3My01ZDQzNDQzMA {"name":"operations/cHJvamVjdHMvY29kZS16ZXJvLWxhYnMvbG9jYXRpb25zL2F1c3RyYWxpYS1zb3V0aGVhc3QxL29wZXJhdGlvbnMvb3BlcmF0aW9uLTE3NzgyMDA0NDI0MzktNjUxNDM4ZGI2MDdjMi1jZDRkZDY3My01ZDQzNDQzMA","metadata":{"@type":"type.googleapis.com/google.cloud.functions.v1.OperationMetadataV1","target":"projects/code-zero-labs/locations/australia-southeast1/functions/crmHealth","updateTime":"2026-05-08T00:34:02.952316433Z"}}
[debug] [2026-05-08T00:34:03.700Z] [create-default-australia-southeast1-deletePaymentMethod] Retrying task index 0
[debug] [2026-05-08T00:34:03.702Z] Checked if tokens are valid: true, expires at: 1778201409725
[debug] [2026-05-08T00:34:03.702Z] Checked if tokens are valid: true, expires at: 1778201409725
[debug] [2026-05-08T00:34:03.703Z] >>> [apiv2][query] GET https://cloudfunctions.googleapis.com/v1/operations/cHJvamVjdHMvY29kZS16ZXJvLWxhYnMvbG9jYXRpb25zL2F1c3RyYWxpYS1zb3V0aGVhc3QxL29wZXJhdGlvbnMvb3BlcmF0aW9uLTE3NzgyMDA0NDIyMjYtNjUxNDM4ZGIyYzZmOC0zNzYwMDhmMC1iYjI5MzE0MQ [none]
[debug] [2026-05-08T00:34:03.853Z] [create-default-australia-southeast1-crmHealth] Retrying task index 0
[debug] [2026-05-08T00:34:03.854Z] Checked if tokens are valid: true, expires at: 1778201409725
[debug] [2026-05-08T00:34:03.854Z] Checked if tokens are valid: true, expires at: 1778201409725
[debug] [2026-05-08T00:34:03.854Z] >>> [apiv2][query] GET https://cloudfunctions.googleapis.com/v1/operations/cHJvamVjdHMvY29kZS16ZXJvLWxhYnMvbG9jYXRpb25zL2F1c3RyYWxpYS1zb3V0aGVhc3QxL29wZXJhdGlvbnMvb3BlcmF0aW9uLTE3NzgyMDA0NDI0MzktNjUxNDM4ZGI2MDdjMi1jZDRkZDY3My01ZDQzNDQzMA [none]
[debug] [2026-05-08T00:34:04.055Z] <<< [apiv2][status] GET https://cloudfunctions.googleapis.com/v1/operations/cHJvamVjdHMvY29kZS16ZXJvLWxhYnMvbG9jYXRpb25zL2F1c3RyYWxpYS1zb3V0aGVhc3QxL29wZXJhdGlvbnMvb3BlcmF0aW9uLTE3NzgyMDA0NDIyMjYtNjUxNDM4ZGIyYzZmOC0zNzYwMDhmMC1iYjI5MzE0MQ 200
[debug] [2026-05-08T00:34:04.056Z] <<< [apiv2][body] GET https://cloudfunctions.googleapis.com/v1/operations/cHJvamVjdHMvY29kZS16ZXJvLWxhYnMvbG9jYXRpb25zL2F1c3RyYWxpYS1zb3V0aGVhc3QxL29wZXJhdGlvbnMvb3BlcmF0aW9uLTE3NzgyMDA0NDIyMjYtNjUxNDM4ZGIyYzZmOC0zNzYwMDhmMC1iYjI5MzE0MQ {"name":"operations/cHJvamVjdHMvY29kZS16ZXJvLWxhYnMvbG9jYXRpb25zL2F1c3RyYWxpYS1zb3V0aGVhc3QxL29wZXJhdGlvbnMvb3BlcmF0aW9uLTE3NzgyMDA0NDIyMjYtNjUxNDM4ZGIyYzZmOC0zNzYwMDhmMC1iYjI5MzE0MQ","metadata":{"@type":"type.googleapis.com/google.cloud.functions.v1.OperationMetadataV1","target":"projects/code-zero-labs/locations/australia-southeast1/functions/deletePaymentMethod","updateTime":"2026-05-08T00:34:02.789357305Z"}}
[debug] [2026-05-08T00:34:04.213Z] <<< [apiv2][status] GET https://cloudfunctions.googleapis.com/v1/operations/cHJvamVjdHMvY29kZS16ZXJvLWxhYnMvbG9jYXRpb25zL2F1c3RyYWxpYS1zb3V0aGVhc3QxL29wZXJhdGlvbnMvb3BlcmF0aW9uLTE3NzgyMDA0NDI0MzktNjUxNDM4ZGI2MDdjMi1jZDRkZDY3My01ZDQzNDQzMA 200
[debug] [2026-05-08T00:34:04.213Z] <<< [apiv2][body] GET https://cloudfunctions.googleapis.com/v1/operations/cHJvamVjdHMvY29kZS16ZXJvLWxhYnMvbG9jYXRpb25zL2F1c3RyYWxpYS1zb3V0aGVhc3QxL29wZXJhdGlvbnMvb3BlcmF0aW9uLTE3NzgyMDA0NDI0MzktNjUxNDM4ZGI2MDdjMi1jZDRkZDY3My01ZDQzNDQzMA {"name":"operations/cHJvamVjdHMvY29kZS16ZXJvLWxhYnMvbG9jYXRpb25zL2F1c3RyYWxpYS1zb3V0aGVhc3QxL29wZXJhdGlvbnMvb3BlcmF0aW9uLTE3NzgyMDA0NDI0MzktNjUxNDM4ZGI2MDdjMi1jZDRkZDY3My01ZDQzNDQzMA","metadata":{"@type":"type.googleapis.com/google.cloud.functions.v1.OperationMetadataV1","target":"projects/code-zero-labs/locations/australia-southeast1/functions/crmHealth","type":"CREATE_FUNCTION","request":{"@type":"type.googleapis.com/google.cloud.functions.v1.CloudFunction","name":"projects/code-zero-labs/locations/australia-southeast1/functions/crmHealth","httpsTrigger":{"securityLevel":"SECURE_ALWAYS"},"entryPoint":"crmHealth","updateTime":"1970-01-01T00:00:00Z","labels":{"deployment-tool":"cli-firebase","firebase-functions-hash":"410d984c064c03043eccca1f310c0a6d9d0d1697"},"sourceUploadUrl":"https://storage.googleapis.com/uploads-33856662241.australia-southeast1.cloudfunctions.appspot.com/b39652ef-05d7-46f1-8724-276f7604fadb.zip?GoogleAccessId=service-168689086085@gcf-admin-robot.iam.gserviceaccount.com&Expires=1778202140&Signature=nJXd0c5pKuQwRgIct3drN5046Yle0EiiASLmY6fwSyuJN0WuDFqH5%2F6ql62KR49kw50upChn47NmOH5dRn6ITOFBH71ehpTy03ORUrlkzh1vaSVOsmLQw1GXZvycmcv5BqBmjUb8QdCGPc1nI9NLYNqDSNOs%2BJWlttGGKzzA5vxH5oxaLLxwf38DXkEwN4pOY1T2jZNPuJ0T%2BnMdaynCNzv2gTrgUKXYLMJgj9dY6S1mNBm1N%2BqGJolZc%2FHuL0pV0lorA8T3GiLX1SRqQ6aqVvmbGkVx8UzWb63u8iVO1T1CYTOvTFkgaELHuio0VxuX8IkukqqIuI62CXGdhcOlJA%3D%3D","environmentVariables":{"FIREBASE_CONFIG":"{\"projectId\":\"code-zero-labs\",\"storageBucket\":\"code-zero-labs.firebasestorage.app\"}","GCLOUD_PROJECT":"code-zero-labs","EVENTARC_CLOUD_EVENT_SOURCE":"projects/code-zero-labs/locations/australia-southeast1/functions/crmHealth"},"runtime":"nodejs20","buildEnvironmentVariables":{"GOOGLE_NODE_RUN_SCRIPTS":""},"sourceToken":"e7b4070e-69e0-4562-a390-99fe812da4b9","dockerRegistry":"ARTIFACT_REGISTRY"},"updateTime":"2026-05-08T00:34:02.952316433Z"}}
[debug] [2026-05-08T00:34:05.061Z] [create-default-australia-southeast1-deletePaymentMethod] Retrying task index 0
[debug] [2026-05-08T00:34:05.062Z] Checked if tokens are valid: true, expires at: 1778201409725
[debug] [2026-05-08T00:34:05.062Z] Checked if tokens are valid: true, expires at: 1778201409725
[debug] [2026-05-08T00:34:05.062Z] >>> [apiv2][query] GET https://cloudfunctions.googleapis.com/v1/operations/cHJvamVjdHMvY29kZS16ZXJvLWxhYnMvbG9jYXRpb25zL2F1c3RyYWxpYS1zb3V0aGVhc3QxL29wZXJhdGlvbnMvb3BlcmF0aW9uLTE3NzgyMDA0NDIyMjYtNjUxNDM4ZGIyYzZmOC0zNzYwMDhmMC1iYjI5MzE0MQ [none]
[debug] [2026-05-08T00:34:05.214Z] [create-default-australia-southeast1-crmHealth] Retrying task index 0
[debug] [2026-05-08T00:34:05.215Z] Checked if tokens are valid: true, expires at: 1778201409725
[debug] [2026-05-08T00:34:05.215Z] Checked if tokens are valid: true, expires at: 1778201409725
[debug] [2026-05-08T00:34:05.215Z] >>> [apiv2][query] GET https://cloudfunctions.googleapis.com/v1/operations/cHJvamVjdHMvY29kZS16ZXJvLWxhYnMvbG9jYXRpb25zL2F1c3RyYWxpYS1zb3V0aGVhc3QxL29wZXJhdGlvbnMvb3BlcmF0aW9uLTE3NzgyMDA0NDI0MzktNjUxNDM4ZGI2MDdjMi1jZDRkZDY3My01ZDQzNDQzMA [none]
[debug] [2026-05-08T00:34:05.440Z] <<< [apiv2][status] GET https://cloudfunctions.googleapis.com/v1/operations/cHJvamVjdHMvY29kZS16ZXJvLWxhYnMvbG9jYXRpb25zL2F1c3RyYWxpYS1zb3V0aGVhc3QxL29wZXJhdGlvbnMvb3BlcmF0aW9uLTE3NzgyMDA0NDIyMjYtNjUxNDM4ZGIyYzZmOC0zNzYwMDhmMC1iYjI5MzE0MQ 200
[debug] [2026-05-08T00:34:05.441Z] <<< [apiv2][body] GET https://cloudfunctions.googleapis.com/v1/operations/cHJvamVjdHMvY29kZS16ZXJvLWxhYnMvbG9jYXRpb25zL2F1c3RyYWxpYS1zb3V0aGVhc3QxL29wZXJhdGlvbnMvb3BlcmF0aW9uLTE3NzgyMDA0NDIyMjYtNjUxNDM4ZGIyYzZmOC0zNzYwMDhmMC1iYjI5MzE0MQ {"name":"operations/cHJvamVjdHMvY29kZS16ZXJvLWxhYnMvbG9jYXRpb25zL2F1c3RyYWxpYS1zb3V0aGVhc3QxL29wZXJhdGlvbnMvb3BlcmF0aW9uLTE3NzgyMDA0NDIyMjYtNjUxNDM4ZGIyYzZmOC0zNzYwMDhmMC1iYjI5MzE0MQ","metadata":{"@type":"type.googleapis.com/google.cloud.functions.v1.OperationMetadataV1","target":"projects/code-zero-labs/locations/australia-southeast1/functions/deletePaymentMethod","type":"CREATE_FUNCTION","request":{"@type":"type.googleapis.com/google.cloud.functions.v1.CloudFunction","name":"projects/code-zero-labs/locations/australia-southeast1/functions/deletePaymentMethod","httpsTrigger":{"securityLevel":"SECURE_ALWAYS"},"entryPoint":"deletePaymentMethod","updateTime":"1970-01-01T00:00:00Z","labels":{"deployment-tool":"cli-firebase","deployment-callable":"true","firebase-functions-hash":"410d984c064c03043eccca1f310c0a6d9d0d1697"},"sourceUploadUrl":"https://storage.googleapis.com/uploads-33856662241.australia-southeast1.cloudfunctions.appspot.com/b39652ef-05d7-46f1-8724-276f7604fadb.zip?GoogleAccessId=service-168689086085@gcf-admin-robot.iam.gserviceaccount.com&Expires=1778202140&Signature=nJXd0c5pKuQwRgIct3drN5046Yle0EiiASLmY6fwSyuJN0WuDFqH5%2F6ql62KR49kw50upChn47NmOH5dRn6ITOFBH71ehpTy03ORUrlkzh1vaSVOsmLQw1GXZvycmcv5BqBmjUb8QdCGPc1nI9NLYNqDSNOs%2BJWlttGGKzzA5vxH5oxaLLxwf38DXkEwN4pOY1T2jZNPuJ0T%2BnMdaynCNzv2gTrgUKXYLMJgj9dY6S1mNBm1N%2BqGJolZc%2FHuL0pV0lorA8T3GiLX1SRqQ6aqVvmbGkVx8UzWb63u8iVO1T1CYTOvTFkgaELHuio0VxuX8IkukqqIuI62CXGdhcOlJA%3D%3D","environmentVariables":{"FIREBASE_CONFIG":"{\"projectId\":\"code-zero-labs\",\"storageBucket\":\"code-zero-labs.firebasestorage.app\"}","GCLOUD_PROJECT":"code-zero-labs","EVENTARC_CLOUD_EVENT_SOURCE":"projects/code-zero-labs/locations/australia-southeast1/functions/deletePaymentMethod"},"runtime":"nodejs20","buildEnvironmentVariables":{"GOOGLE_NODE_RUN_SCRIPTS":""},"sourceToken":"e7b4070e-69e0-4562-a390-99fe812da4b9","dockerRegistry":"ARTIFACT_REGISTRY"},"versionId":"1","updateTime":"2026-05-08T00:34:02.789357305Z","sourceToken":"e7b4070e-69e0-4562-a390-99fe812da4b9"}}
[debug] [2026-05-08T00:34:05.442Z] Got source token e7b4070e-69e0-4562-a390-99fe812da4b9 for region australia-southeast1
[debug] [2026-05-08T00:34:05.615Z] <<< [apiv2][status] GET https://cloudfunctions.googleapis.com/v1/operations/cHJvamVjdHMvY29kZS16ZXJvLWxhYnMvbG9jYXRpb25zL2F1c3RyYWxpYS1zb3V0aGVhc3QxL29wZXJhdGlvbnMvb3BlcmF0aW9uLTE3NzgyMDA0NDI0MzktNjUxNDM4ZGI2MDdjMi1jZDRkZDY3My01ZDQzNDQzMA 200
[debug] [2026-05-08T00:34:05.616Z] <<< [apiv2][body] GET https://cloudfunctions.googleapis.com/v1/operations/cHJvamVjdHMvY29kZS16ZXJvLWxhYnMvbG9jYXRpb25zL2F1c3RyYWxpYS1zb3V0aGVhc3QxL29wZXJhdGlvbnMvb3BlcmF0aW9uLTE3NzgyMDA0NDI0MzktNjUxNDM4ZGI2MDdjMi1jZDRkZDY3My01ZDQzNDQzMA {"name":"operations/cHJvamVjdHMvY29kZS16ZXJvLWxhYnMvbG9jYXRpb25zL2F1c3RyYWxpYS1zb3V0aGVhc3QxL29wZXJhdGlvbnMvb3BlcmF0aW9uLTE3NzgyMDA0NDI0MzktNjUxNDM4ZGI2MDdjMi1jZDRkZDY3My01ZDQzNDQzMA","metadata":{"@type":"type.googleapis.com/google.cloud.functions.v1.OperationMetadataV1","target":"projects/code-zero-labs/locations/australia-southeast1/functions/crmHealth","type":"CREATE_FUNCTION","request":{"@type":"type.googleapis.com/google.cloud.functions.v1.CloudFunction","name":"projects/code-zero-labs/locations/australia-southeast1/functions/crmHealth","httpsTrigger":{"securityLevel":"SECURE_ALWAYS"},"entryPoint":"crmHealth","updateTime":"1970-01-01T00:00:00Z","labels":{"deployment-tool":"cli-firebase","firebase-functions-hash":"410d984c064c03043eccca1f310c0a6d9d0d1697"},"sourceUploadUrl":"https://storage.googleapis.com/uploads-33856662241.australia-southeast1.cloudfunctions.appspot.com/b39652ef-05d7-46f1-8724-276f7604fadb.zip?GoogleAccessId=service-168689086085@gcf-admin-robot.iam.gserviceaccount.com&Expires=1778202140&Signature=nJXd0c5pKuQwRgIct3drN5046Yle0EiiASLmY6fwSyuJN0WuDFqH5%2F6ql62KR49kw50upChn47NmOH5dRn6ITOFBH71ehpTy03ORUrlkzh1vaSVOsmLQw1GXZvycmcv5BqBmjUb8QdCGPc1nI9NLYNqDSNOs%2BJWlttGGKzzA5vxH5oxaLLxwf38DXkEwN4pOY1T2jZNPuJ0T%2BnMdaynCNzv2gTrgUKXYLMJgj9dY6S1mNBm1N%2BqGJolZc%2FHuL0pV0lorA8T3GiLX1SRqQ6aqVvmbGkVx8UzWb63u8iVO1T1CYTOvTFkgaELHuio0VxuX8IkukqqIuI62CXGdhcOlJA%3D%3D","environmentVariables":{"FIREBASE_CONFIG":"{\"projectId\":\"code-zero-labs\",\"storageBucket\":\"code-zero-labs.firebasestorage.app\"}","GCLOUD_PROJECT":"code-zero-labs","EVENTARC_CLOUD_EVENT_SOURCE":"projects/code-zero-labs/locations/australia-southeast1/functions/crmHealth"},"runtime":"nodejs20","buildEnvironmentVariables":{"GOOGLE_NODE_RUN_SCRIPTS":""},"sourceToken":"e7b4070e-69e0-4562-a390-99fe812da4b9","dockerRegistry":"ARTIFACT_REGISTRY"},"versionId":"1","updateTime":"2026-05-08T00:34:02.952316433Z","sourceToken":"e7b4070e-69e0-4562-a390-99fe812da4b9"}}
[debug] [2026-05-08T00:34:05.618Z] Got source token e7b4070e-69e0-4562-a390-99fe812da4b9 for region australia-southeast1
[debug] [2026-05-08T00:34:07.443Z] [create-default-australia-southeast1-deletePaymentMethod] Retrying task index 0
[debug] [2026-05-08T00:34:07.444Z] Checked if tokens are valid: true, expires at: 1778201409725
[debug] [2026-05-08T00:34:07.445Z] Checked if tokens are valid: true, expires at: 1778201409725
[debug] [2026-05-08T00:34:07.445Z] >>> [apiv2][query] GET https://cloudfunctions.googleapis.com/v1/operations/cHJvamVjdHMvY29kZS16ZXJvLWxhYnMvbG9jYXRpb25zL2F1c3RyYWxpYS1zb3V0aGVhc3QxL29wZXJhdGlvbnMvb3BlcmF0aW9uLTE3NzgyMDA0NDIyMjYtNjUxNDM4ZGIyYzZmOC0zNzYwMDhmMC1iYjI5MzE0MQ [none]
[debug] [2026-05-08T00:34:07.620Z] [create-default-australia-southeast1-crmHealth] Retrying task index 0
[debug] [2026-05-08T00:34:07.621Z] Checked if tokens are valid: true, expires at: 1778201409725
[debug] [2026-05-08T00:34:07.621Z] Checked if tokens are valid: true, expires at: 1778201409725
[debug] [2026-05-08T00:34:07.621Z] >>> [apiv2][query] GET https://cloudfunctions.googleapis.com/v1/operations/cHJvamVjdHMvY29kZS16ZXJvLWxhYnMvbG9jYXRpb25zL2F1c3RyYWxpYS1zb3V0aGVhc3QxL29wZXJhdGlvbnMvb3BlcmF0aW9uLTE3NzgyMDA0NDI0MzktNjUxNDM4ZGI2MDdjMi1jZDRkZDY3My01ZDQzNDQzMA [none]
[debug] [2026-05-08T00:34:07.790Z] <<< [apiv2][status] GET https://cloudfunctions.googleapis.com/v1/operations/cHJvamVjdHMvY29kZS16ZXJvLWxhYnMvbG9jYXRpb25zL2F1c3RyYWxpYS1zb3V0aGVhc3QxL29wZXJhdGlvbnMvb3BlcmF0aW9uLTE3NzgyMDA0NDIyMjYtNjUxNDM4ZGIyYzZmOC0zNzYwMDhmMC1iYjI5MzE0MQ 200
[debug] [2026-05-08T00:34:07.791Z] <<< [apiv2][body] GET https://cloudfunctions.googleapis.com/v1/operations/cHJvamVjdHMvY29kZS16ZXJvLWxhYnMvbG9jYXRpb25zL2F1c3RyYWxpYS1zb3V0aGVhc3QxL29wZXJhdGlvbnMvb3BlcmF0aW9uLTE3NzgyMDA0NDIyMjYtNjUxNDM4ZGIyYzZmOC0zNzYwMDhmMC1iYjI5MzE0MQ {"name":"operations/cHJvamVjdHMvY29kZS16ZXJvLWxhYnMvbG9jYXRpb25zL2F1c3RyYWxpYS1zb3V0aGVhc3QxL29wZXJhdGlvbnMvb3BlcmF0aW9uLTE3NzgyMDA0NDIyMjYtNjUxNDM4ZGIyYzZmOC0zNzYwMDhmMC1iYjI5MzE0MQ","metadata":{"@type":"type.googleapis.com/google.cloud.functions.v1.OperationMetadataV1","target":"projects/code-zero-labs/locations/australia-southeast1/functions/deletePaymentMethod","type":"CREATE_FUNCTION","request":{"@type":"type.googleapis.com/google.cloud.functions.v1.CloudFunction","name":"projects/code-zero-labs/locations/australia-southeast1/functions/deletePaymentMethod","httpsTrigger":{"securityLevel":"SECURE_ALWAYS"},"entryPoint":"deletePaymentMethod","updateTime":"1970-01-01T00:00:00Z","labels":{"deployment-tool":"cli-firebase","deployment-callable":"true","firebase-functions-hash":"410d984c064c03043eccca1f310c0a6d9d0d1697"},"sourceUploadUrl":"https://storage.googleapis.com/uploads-33856662241.australia-southeast1.cloudfunctions.appspot.com/b39652ef-05d7-46f1-8724-276f7604fadb.zip?GoogleAccessId=service-168689086085@gcf-admin-robot.iam.gserviceaccount.com&Expires=1778202140&Signature=nJXd0c5pKuQwRgIct3drN5046Yle0EiiASLmY6fwSyuJN0WuDFqH5%2F6ql62KR49kw50upChn47NmOH5dRn6ITOFBH71ehpTy03ORUrlkzh1vaSVOsmLQw1GXZvycmcv5BqBmjUb8QdCGPc1nI9NLYNqDSNOs%2BJWlttGGKzzA5vxH5oxaLLxwf38DXkEwN4pOY1T2jZNPuJ0T%2BnMdaynCNzv2gTrgUKXYLMJgj9dY6S1mNBm1N%2BqGJolZc%2FHuL0pV0lorA8T3GiLX1SRqQ6aqVvmbGkVx8UzWb63u8iVO1T1CYTOvTFkgaELHuio0VxuX8IkukqqIuI62CXGdhcOlJA%3D%3D","environmentVariables":{"FIREBASE_CONFIG":"{\"projectId\":\"code-zero-labs\",\"storageBucket\":\"code-zero-labs.firebasestorage.app\"}","GCLOUD_PROJECT":"code-zero-labs","EVENTARC_CLOUD_EVENT_SOURCE":"projects/code-zero-labs/locations/australia-southeast1/functions/deletePaymentMethod"},"runtime":"nodejs20","buildEnvironmentVariables":{"GOOGLE_NODE_RUN_SCRIPTS":""},"sourceToken":"e7b4070e-69e0-4562-a390-99fe812da4b9","dockerRegistry":"ARTIFACT_REGISTRY"},"versionId":"1","updateTime":"2026-05-08T00:34:02.789357305Z","buildId":"a0ac0319-3a9e-4d1e-b4fa-864a0aecf601","sourceToken":"e7b4070e-69e0-4562-a390-99fe812da4b9","buildName":"projects/168689086085/locations/australia-southeast1/builds/a0ac0319-3a9e-4d1e-b4fa-864a0aecf601"}}
[debug] [2026-05-08T00:34:07.792Z] Got source token e7b4070e-69e0-4562-a390-99fe812da4b9 for region australia-southeast1
[debug] [2026-05-08T00:34:08.012Z] <<< [apiv2][status] GET https://cloudfunctions.googleapis.com/v1/operations/cHJvamVjdHMvY29kZS16ZXJvLWxhYnMvbG9jYXRpb25zL2F1c3RyYWxpYS1zb3V0aGVhc3QxL29wZXJhdGlvbnMvb3BlcmF0aW9uLTE3NzgyMDA0NDI0MzktNjUxNDM4ZGI2MDdjMi1jZDRkZDY3My01ZDQzNDQzMA 200
[debug] [2026-05-08T00:34:08.013Z] <<< [apiv2][body] GET https://cloudfunctions.googleapis.com/v1/operations/cHJvamVjdHMvY29kZS16ZXJvLWxhYnMvbG9jYXRpb25zL2F1c3RyYWxpYS1zb3V0aGVhc3QxL29wZXJhdGlvbnMvb3BlcmF0aW9uLTE3NzgyMDA0NDI0MzktNjUxNDM4ZGI2MDdjMi1jZDRkZDY3My01ZDQzNDQzMA {"name":"operations/cHJvamVjdHMvY29kZS16ZXJvLWxhYnMvbG9jYXRpb25zL2F1c3RyYWxpYS1zb3V0aGVhc3QxL29wZXJhdGlvbnMvb3BlcmF0aW9uLTE3NzgyMDA0NDI0MzktNjUxNDM4ZGI2MDdjMi1jZDRkZDY3My01ZDQzNDQzMA","metadata":{"@type":"type.googleapis.com/google.cloud.functions.v1.OperationMetadataV1","target":"projects/code-zero-labs/locations/australia-southeast1/functions/crmHealth","type":"CREATE_FUNCTION","request":{"@type":"type.googleapis.com/google.cloud.functions.v1.CloudFunction","name":"projects/code-zero-labs/locations/australia-southeast1/functions/crmHealth","httpsTrigger":{"securityLevel":"SECURE_ALWAYS"},"entryPoint":"crmHealth","updateTime":"1970-01-01T00:00:00Z","labels":{"deployment-tool":"cli-firebase","firebase-functions-hash":"410d984c064c03043eccca1f310c0a6d9d0d1697"},"sourceUploadUrl":"https://storage.googleapis.com/uploads-33856662241.australia-southeast1.cloudfunctions.appspot.com/b39652ef-05d7-46f1-8724-276f7604fadb.zip?GoogleAccessId=service-168689086085@gcf-admin-robot.iam.gserviceaccount.com&Expires=1778202140&Signature=nJXd0c5pKuQwRgIct3drN5046Yle0EiiASLmY6fwSyuJN0WuDFqH5%2F6ql62KR49kw50upChn47NmOH5dRn6ITOFBH71ehpTy03ORUrlkzh1vaSVOsmLQw1GXZvycmcv5BqBmjUb8QdCGPc1nI9NLYNqDSNOs%2BJWlttGGKzzA5vxH5oxaLLxwf38DXkEwN4pOY1T2jZNPuJ0T%2BnMdaynCNzv2gTrgUKXYLMJgj9dY6S1mNBm1N%2BqGJolZc%2FHuL0pV0lorA8T3GiLX1SRqQ6aqVvmbGkVx8UzWb63u8iVO1T1CYTOvTFkgaELHuio0VxuX8IkukqqIuI62CXGdhcOlJA%3D%3D","environmentVariables":{"FIREBASE_CONFIG":"{\"projectId\":\"code-zero-labs\",\"storageBucket\":\"code-zero-labs.firebasestorage.app\"}","GCLOUD_PROJECT":"code-zero-labs","EVENTARC_CLOUD_EVENT_SOURCE":"projects/code-zero-labs/locations/australia-southeast1/functions/crmHealth"},"runtime":"nodejs20","buildEnvironmentVariables":{"GOOGLE_NODE_RUN_SCRIPTS":""},"sourceToken":"e7b4070e-69e0-4562-a390-99fe812da4b9","dockerRegistry":"ARTIFACT_REGISTRY"},"versionId":"1","updateTime":"2026-05-08T00:34:02.952316433Z","buildId":"a0ac0319-3a9e-4d1e-b4fa-864a0aecf601","sourceToken":"e7b4070e-69e0-4562-a390-99fe812da4b9","buildName":"projects/168689086085/locations/australia-southeast1/builds/a0ac0319-3a9e-4d1e-b4fa-864a0aecf601"}}
[debug] [2026-05-08T00:34:08.013Z] Got source token e7b4070e-69e0-4562-a390-99fe812da4b9 for region australia-southeast1
[debug] [2026-05-08T00:34:11.794Z] [create-default-australia-southeast1-deletePaymentMethod] Retrying task index 0
[debug] [2026-05-08T00:34:11.795Z] Checked if tokens are valid: true, expires at: 1778201409725
[debug] [2026-05-08T00:34:11.795Z] Checked if tokens are valid: true, expires at: 1778201409725
[debug] [2026-05-08T00:34:11.796Z] >>> [apiv2][query] GET https://cloudfunctions.googleapis.com/v1/operations/cHJvamVjdHMvY29kZS16ZXJvLWxhYnMvbG9jYXRpb25zL2F1c3RyYWxpYS1zb3V0aGVhc3QxL29wZXJhdGlvbnMvb3BlcmF0aW9uLTE3NzgyMDA0NDIyMjYtNjUxNDM4ZGIyYzZmOC0zNzYwMDhmMC1iYjI5MzE0MQ [none]
[debug] [2026-05-08T00:34:11.826Z] [create-default-australia-southeast1-updatePaymentMethod] Retrying task index 0
[debug] [2026-05-08T00:34:11.827Z] Checked if tokens are valid: true, expires at: 1778201409725
[debug] [2026-05-08T00:34:11.827Z] Checked if tokens are valid: true, expires at: 1778201409725
[debug] [2026-05-08T00:34:11.827Z] >>> [apiv2][query] GET https://cloudfunctions.googleapis.com/v1/operations/cHJvamVjdHMvY29kZS16ZXJvLWxhYnMvbG9jYXRpb25zL2F1c3RyYWxpYS1zb3V0aGVhc3QxL29wZXJhdGlvbnMvb3BlcmF0aW9uLTE3NzgyMDAzNjAxOTctNjUxNDM4OGNmMWJhOC05ODE1MzgwNy1kMTIxZGM1Zg [none]
[debug] [2026-05-08T00:34:12.014Z] [create-default-australia-southeast1-crmHealth] Retrying task index 0
[debug] [2026-05-08T00:34:12.015Z] Checked if tokens are valid: true, expires at: 1778201409725
[debug] [2026-05-08T00:34:12.015Z] Checked if tokens are valid: true, expires at: 1778201409725
[debug] [2026-05-08T00:34:12.016Z] >>> [apiv2][query] GET https://cloudfunctions.googleapis.com/v1/operations/cHJvamVjdHMvY29kZS16ZXJvLWxhYnMvbG9jYXRpb25zL2F1c3RyYWxpYS1zb3V0aGVhc3QxL29wZXJhdGlvbnMvb3BlcmF0aW9uLTE3NzgyMDA0NDI0MzktNjUxNDM4ZGI2MDdjMi1jZDRkZDY3My01ZDQzNDQzMA [none]
[debug] [2026-05-08T00:34:12.237Z] <<< [apiv2][status] GET https://cloudfunctions.googleapis.com/v1/operations/cHJvamVjdHMvY29kZS16ZXJvLWxhYnMvbG9jYXRpb25zL2F1c3RyYWxpYS1zb3V0aGVhc3QxL29wZXJhdGlvbnMvb3BlcmF0aW9uLTE3NzgyMDAzNjAxOTctNjUxNDM4OGNmMWJhOC05ODE1MzgwNy1kMTIxZGM1Zg 200
[debug] [2026-05-08T00:34:12.237Z] <<< [apiv2][body] GET https://cloudfunctions.googleapis.com/v1/operations/cHJvamVjdHMvY29kZS16ZXJvLWxhYnMvbG9jYXRpb25zL2F1c3RyYWxpYS1zb3V0aGVhc3QxL29wZXJhdGlvbnMvb3BlcmF0aW9uLTE3NzgyMDAzNjAxOTctNjUxNDM4OGNmMWJhOC05ODE1MzgwNy1kMTIxZGM1Zg {"name":"operations/cHJvamVjdHMvY29kZS16ZXJvLWxhYnMvbG9jYXRpb25zL2F1c3RyYWxpYS1zb3V0aGVhc3QxL29wZXJhdGlvbnMvb3BlcmF0aW9uLTE3NzgyMDAzNjAxOTctNjUxNDM4OGNmMWJhOC05ODE1MzgwNy1kMTIxZGM1Zg","metadata":{"@type":"type.googleapis.com/google.cloud.functions.v1.OperationMetadataV1","target":"projects/code-zero-labs/locations/australia-southeast1/functions/updatePaymentMethod","type":"CREATE_FUNCTION","request":{"@type":"type.googleapis.com/google.cloud.functions.v1.CloudFunction","name":"projects/code-zero-labs/locations/australia-southeast1/functions/updatePaymentMethod","httpsTrigger":{"securityLevel":"SECURE_ALWAYS"},"entryPoint":"updatePaymentMethod","updateTime":"1970-01-01T00:00:00Z","labels":{"deployment-tool":"cli-firebase","deployment-callable":"true","firebase-functions-hash":"410d984c064c03043eccca1f310c0a6d9d0d1697"},"sourceUploadUrl":"https://storage.googleapis.com/uploads-33856662241.australia-southeast1.cloudfunctions.appspot.com/b39652ef-05d7-46f1-8724-276f7604fadb.zip?GoogleAccessId=service-168689086085@gcf-admin-robot.iam.gserviceaccount.com&Expires=1778202140&Signature=nJXd0c5pKuQwRgIct3drN5046Yle0EiiASLmY6fwSyuJN0WuDFqH5%2F6ql62KR49kw50upChn47NmOH5dRn6ITOFBH71ehpTy03ORUrlkzh1vaSVOsmLQw1GXZvycmcv5BqBmjUb8QdCGPc1nI9NLYNqDSNOs%2BJWlttGGKzzA5vxH5oxaLLxwf38DXkEwN4pOY1T2jZNPuJ0T%2BnMdaynCNzv2gTrgUKXYLMJgj9dY6S1mNBm1N%2BqGJolZc%2FHuL0pV0lorA8T3GiLX1SRqQ6aqVvmbGkVx8UzWb63u8iVO1T1CYTOvTFkgaELHuio0VxuX8IkukqqIuI62CXGdhcOlJA%3D%3D","environmentVariables":{"FIREBASE_CONFIG":"{\"projectId\":\"code-zero-labs\",\"storageBucket\":\"code-zero-labs.firebasestorage.app\"}","GCLOUD_PROJECT":"code-zero-labs","EVENTARC_CLOUD_EVENT_SOURCE":"projects/code-zero-labs/locations/australia-southeast1/functions/updatePaymentMethod"},"runtime":"nodejs20","buildEnvironmentVariables":{"GOOGLE_NODE_RUN_SCRIPTS":""},"dockerRegistry":"ARTIFACT_REGISTRY"},"versionId":"1","updateTime":"2026-05-08T00:32:40.786486075Z","buildId":"a0ac0319-3a9e-4d1e-b4fa-864a0aecf601","sourceToken":"e7b4070e-69e0-4562-a390-99fe812da4b9","buildName":"projects/168689086085/locations/australia-southeast1/builds/a0ac0319-3a9e-4d1e-b4fa-864a0aecf601"}}
[debug] [2026-05-08T00:34:12.237Z] Got source token e7b4070e-69e0-4562-a390-99fe812da4b9 for region australia-southeast1
[debug] [2026-05-08T00:34:12.245Z] <<< [apiv2][status] GET https://cloudfunctions.googleapis.com/v1/operations/cHJvamVjdHMvY29kZS16ZXJvLWxhYnMvbG9jYXRpb25zL2F1c3RyYWxpYS1zb3V0aGVhc3QxL29wZXJhdGlvbnMvb3BlcmF0aW9uLTE3NzgyMDA0NDIyMjYtNjUxNDM4ZGIyYzZmOC0zNzYwMDhmMC1iYjI5MzE0MQ 200
[debug] [2026-05-08T00:34:12.245Z] <<< [apiv2][body] GET https://cloudfunctions.googleapis.com/v1/operations/cHJvamVjdHMvY29kZS16ZXJvLWxhYnMvbG9jYXRpb25zL2F1c3RyYWxpYS1zb3V0aGVhc3QxL29wZXJhdGlvbnMvb3BlcmF0aW9uLTE3NzgyMDA0NDIyMjYtNjUxNDM4ZGIyYzZmOC0zNzYwMDhmMC1iYjI5MzE0MQ {"name":"operations/cHJvamVjdHMvY29kZS16ZXJvLWxhYnMvbG9jYXRpb25zL2F1c3RyYWxpYS1zb3V0aGVhc3QxL29wZXJhdGlvbnMvb3BlcmF0aW9uLTE3NzgyMDA0NDIyMjYtNjUxNDM4ZGIyYzZmOC0zNzYwMDhmMC1iYjI5MzE0MQ","metadata":{"@type":"type.googleapis.com/google.cloud.functions.v1.OperationMetadataV1","target":"projects/code-zero-labs/locations/australia-southeast1/functions/deletePaymentMethod","type":"CREATE_FUNCTION","request":{"@type":"type.googleapis.com/google.cloud.functions.v1.CloudFunction","name":"projects/code-zero-labs/locations/australia-southeast1/functions/deletePaymentMethod","httpsTrigger":{"securityLevel":"SECURE_ALWAYS"},"entryPoint":"deletePaymentMethod","updateTime":"1970-01-01T00:00:00Z","labels":{"deployment-tool":"cli-firebase","deployment-callable":"true","firebase-functions-hash":"410d984c064c03043eccca1f310c0a6d9d0d1697"},"sourceUploadUrl":"https://storage.googleapis.com/uploads-33856662241.australia-southeast1.cloudfunctions.appspot.com/b39652ef-05d7-46f1-8724-276f7604fadb.zip?GoogleAccessId=service-168689086085@gcf-admin-robot.iam.gserviceaccount.com&Expires=1778202140&Signature=nJXd0c5pKuQwRgIct3drN5046Yle0EiiASLmY6fwSyuJN0WuDFqH5%2F6ql62KR49kw50upChn47NmOH5dRn6ITOFBH71ehpTy03ORUrlkzh1vaSVOsmLQw1GXZvycmcv5BqBmjUb8QdCGPc1nI9NLYNqDSNOs%2BJWlttGGKzzA5vxH5oxaLLxwf38DXkEwN4pOY1T2jZNPuJ0T%2BnMdaynCNzv2gTrgUKXYLMJgj9dY6S1mNBm1N%2BqGJolZc%2FHuL0pV0lorA8T3GiLX1SRqQ6aqVvmbGkVx8UzWb63u8iVO1T1CYTOvTFkgaELHuio0VxuX8IkukqqIuI62CXGdhcOlJA%3D%3D","environmentVariables":{"FIREBASE_CONFIG":"{\"projectId\":\"code-zero-labs\",\"storageBucket\":\"code-zero-labs.firebasestorage.app\"}","GCLOUD_PROJECT":"code-zero-labs","EVENTARC_CLOUD_EVENT_SOURCE":"projects/code-zero-labs/locations/australia-southeast1/functions/deletePaymentMethod"},"runtime":"nodejs20","buildEnvironmentVariables":{"GOOGLE_NODE_RUN_SCRIPTS":""},"sourceToken":"e7b4070e-69e0-4562-a390-99fe812da4b9","dockerRegistry":"ARTIFACT_REGISTRY"},"versionId":"1","updateTime":"2026-05-08T00:34:02.789357305Z","buildId":"a0ac0319-3a9e-4d1e-b4fa-864a0aecf601","sourceToken":"e7b4070e-69e0-4562-a390-99fe812da4b9","buildName":"projects/168689086085/locations/australia-southeast1/builds/a0ac0319-3a9e-4d1e-b4fa-864a0aecf601"}}
[debug] [2026-05-08T00:34:12.245Z] Got source token e7b4070e-69e0-4562-a390-99fe812da4b9 for region australia-southeast1
[debug] [2026-05-08T00:34:12.513Z] <<< [apiv2][status] GET https://cloudfunctions.googleapis.com/v1/operations/cHJvamVjdHMvY29kZS16ZXJvLWxhYnMvbG9jYXRpb25zL2F1c3RyYWxpYS1zb3V0aGVhc3QxL29wZXJhdGlvbnMvb3BlcmF0aW9uLTE3NzgyMDA0NDI0MzktNjUxNDM4ZGI2MDdjMi1jZDRkZDY3My01ZDQzNDQzMA 200
[debug] [2026-05-08T00:34:12.513Z] <<< [apiv2][body] GET https://cloudfunctions.googleapis.com/v1/operations/cHJvamVjdHMvY29kZS16ZXJvLWxhYnMvbG9jYXRpb25zL2F1c3RyYWxpYS1zb3V0aGVhc3QxL29wZXJhdGlvbnMvb3BlcmF0aW9uLTE3NzgyMDA0NDI0MzktNjUxNDM4ZGI2MDdjMi1jZDRkZDY3My01ZDQzNDQzMA {"name":"operations/cHJvamVjdHMvY29kZS16ZXJvLWxhYnMvbG9jYXRpb25zL2F1c3RyYWxpYS1zb3V0aGVhc3QxL29wZXJhdGlvbnMvb3BlcmF0aW9uLTE3NzgyMDA0NDI0MzktNjUxNDM4ZGI2MDdjMi1jZDRkZDY3My01ZDQzNDQzMA","metadata":{"@type":"type.googleapis.com/google.cloud.functions.v1.OperationMetadataV1","target":"projects/code-zero-labs/locations/australia-southeast1/functions/crmHealth","type":"CREATE_FUNCTION","request":{"@type":"type.googleapis.com/google.cloud.functions.v1.CloudFunction","name":"projects/code-zero-labs/locations/australia-southeast1/functions/crmHealth","httpsTrigger":{"securityLevel":"SECURE_ALWAYS"},"entryPoint":"crmHealth","updateTime":"1970-01-01T00:00:00Z","labels":{"deployment-tool":"cli-firebase","firebase-functions-hash":"410d984c064c03043eccca1f310c0a6d9d0d1697"},"sourceUploadUrl":"https://storage.googleapis.com/uploads-33856662241.australia-southeast1.cloudfunctions.appspot.com/b39652ef-05d7-46f1-8724-276f7604fadb.zip?GoogleAccessId=service-168689086085@gcf-admin-robot.iam.gserviceaccount.com&Expires=1778202140&Signature=nJXd0c5pKuQwRgIct3drN5046Yle0EiiASLmY6fwSyuJN0WuDFqH5%2F6ql62KR49kw50upChn47NmOH5dRn6ITOFBH71ehpTy03ORUrlkzh1vaSVOsmLQw1GXZvycmcv5BqBmjUb8QdCGPc1nI9NLYNqDSNOs%2BJWlttGGKzzA5vxH5oxaLLxwf38DXkEwN4pOY1T2jZNPuJ0T%2BnMdaynCNzv2gTrgUKXYLMJgj9dY6S1mNBm1N%2BqGJolZc%2FHuL0pV0lorA8T3GiLX1SRqQ6aqVvmbGkVx8UzWb63u8iVO1T1CYTOvTFkgaELHuio0VxuX8IkukqqIuI62CXGdhcOlJA%3D%3D","environmentVariables":{"FIREBASE_CONFIG":"{\"projectId\":\"code-zero-labs\",\"storageBucket\":\"code-zero-labs.firebasestorage.app\"}","GCLOUD_PROJECT":"code-zero-labs","EVENTARC_CLOUD_EVENT_SOURCE":"projects/code-zero-labs/locations/australia-southeast1/functions/crmHealth"},"runtime":"nodejs20","buildEnvironmentVariables":{"GOOGLE_NODE_RUN_SCRIPTS":""},"sourceToken":"e7b4070e-69e0-4562-a390-99fe812da4b9","dockerRegistry":"ARTIFACT_REGISTRY"},"versionId":"1","updateTime":"2026-05-08T00:34:02.952316433Z","buildId":"a0ac0319-3a9e-4d1e-b4fa-864a0aecf601","sourceToken":"e7b4070e-69e0-4562-a390-99fe812da4b9","buildName":"projects/168689086085/locations/australia-southeast1/builds/a0ac0319-3a9e-4d1e-b4fa-864a0aecf601"}}
[debug] [2026-05-08T00:34:12.513Z] Got source token e7b4070e-69e0-4562-a390-99fe812da4b9 for region australia-southeast1
[debug] [2026-05-08T00:34:20.247Z] [create-default-australia-southeast1-deletePaymentMethod] Retrying task index 0
[debug] [2026-05-08T00:34:20.248Z] Checked if tokens are valid: true, expires at: 1778201409725
[debug] [2026-05-08T00:34:20.248Z] Checked if tokens are valid: true, expires at: 1778201409725
[debug] [2026-05-08T00:34:20.249Z] >>> [apiv2][query] GET https://cloudfunctions.googleapis.com/v1/operations/cHJvamVjdHMvY29kZS16ZXJvLWxhYnMvbG9jYXRpb25zL2F1c3RyYWxpYS1zb3V0aGVhc3QxL29wZXJhdGlvbnMvb3BlcmF0aW9uLTE3NzgyMDA0NDIyMjYtNjUxNDM4ZGIyYzZmOC0zNzYwMDhmMC1iYjI5MzE0MQ [none]
[debug] [2026-05-08T00:34:20.514Z] [create-default-australia-southeast1-crmHealth] Retrying task index 0
[debug] [2026-05-08T00:34:20.514Z] Checked if tokens are valid: true, expires at: 1778201409725
[debug] [2026-05-08T00:34:20.515Z] Checked if tokens are valid: true, expires at: 1778201409725
[debug] [2026-05-08T00:34:20.515Z] >>> [apiv2][query] GET https://cloudfunctions.googleapis.com/v1/operations/cHJvamVjdHMvY29kZS16ZXJvLWxhYnMvbG9jYXRpb25zL2F1c3RyYWxpYS1zb3V0aGVhc3QxL29wZXJhdGlvbnMvb3BlcmF0aW9uLTE3NzgyMDA0NDI0MzktNjUxNDM4ZGI2MDdjMi1jZDRkZDY3My01ZDQzNDQzMA [none]
[debug] [2026-05-08T00:34:20.749Z] <<< [apiv2][status] GET https://cloudfunctions.googleapis.com/v1/operations/cHJvamVjdHMvY29kZS16ZXJvLWxhYnMvbG9jYXRpb25zL2F1c3RyYWxpYS1zb3V0aGVhc3QxL29wZXJhdGlvbnMvb3BlcmF0aW9uLTE3NzgyMDA0NDIyMjYtNjUxNDM4ZGIyYzZmOC0zNzYwMDhmMC1iYjI5MzE0MQ 200
[debug] [2026-05-08T00:34:20.749Z] <<< [apiv2][body] GET https://cloudfunctions.googleapis.com/v1/operations/cHJvamVjdHMvY29kZS16ZXJvLWxhYnMvbG9jYXRpb25zL2F1c3RyYWxpYS1zb3V0aGVhc3QxL29wZXJhdGlvbnMvb3BlcmF0aW9uLTE3NzgyMDA0NDIyMjYtNjUxNDM4ZGIyYzZmOC0zNzYwMDhmMC1iYjI5MzE0MQ {"name":"operations/cHJvamVjdHMvY29kZS16ZXJvLWxhYnMvbG9jYXRpb25zL2F1c3RyYWxpYS1zb3V0aGVhc3QxL29wZXJhdGlvbnMvb3BlcmF0aW9uLTE3NzgyMDA0NDIyMjYtNjUxNDM4ZGIyYzZmOC0zNzYwMDhmMC1iYjI5MzE0MQ","metadata":{"@type":"type.googleapis.com/google.cloud.functions.v1.OperationMetadataV1","target":"projects/code-zero-labs/locations/australia-southeast1/functions/deletePaymentMethod","type":"CREATE_FUNCTION","request":{"@type":"type.googleapis.com/google.cloud.functions.v1.CloudFunction","name":"projects/code-zero-labs/locations/australia-southeast1/functions/deletePaymentMethod","httpsTrigger":{"securityLevel":"SECURE_ALWAYS"},"entryPoint":"deletePaymentMethod","updateTime":"1970-01-01T00:00:00Z","labels":{"deployment-tool":"cli-firebase","deployment-callable":"true","firebase-functions-hash":"410d984c064c03043eccca1f310c0a6d9d0d1697"},"sourceUploadUrl":"https://storage.googleapis.com/uploads-33856662241.australia-southeast1.cloudfunctions.appspot.com/b39652ef-05d7-46f1-8724-276f7604fadb.zip?GoogleAccessId=service-168689086085@gcf-admin-robot.iam.gserviceaccount.com&Expires=1778202140&Signature=nJXd0c5pKuQwRgIct3drN5046Yle0EiiASLmY6fwSyuJN0WuDFqH5%2F6ql62KR49kw50upChn47NmOH5dRn6ITOFBH71ehpTy03ORUrlkzh1vaSVOsmLQw1GXZvycmcv5BqBmjUb8QdCGPc1nI9NLYNqDSNOs%2BJWlttGGKzzA5vxH5oxaLLxwf38DXkEwN4pOY1T2jZNPuJ0T%2BnMdaynCNzv2gTrgUKXYLMJgj9dY6S1mNBm1N%2BqGJolZc%2FHuL0pV0lorA8T3GiLX1SRqQ6aqVvmbGkVx8UzWb63u8iVO1T1CYTOvTFkgaELHuio0VxuX8IkukqqIuI62CXGdhcOlJA%3D%3D","environmentVariables":{"FIREBASE_CONFIG":"{\"projectId\":\"code-zero-labs\",\"storageBucket\":\"code-zero-labs.firebasestorage.app\"}","GCLOUD_PROJECT":"code-zero-labs","EVENTARC_CLOUD_EVENT_SOURCE":"projects/code-zero-labs/locations/australia-southeast1/functions/deletePaymentMethod"},"runtime":"nodejs20","buildEnvironmentVariables":{"GOOGLE_NODE_RUN_SCRIPTS":""},"sourceToken":"e7b4070e-69e0-4562-a390-99fe812da4b9","dockerRegistry":"ARTIFACT_REGISTRY"},"versionId":"1","updateTime":"2026-05-08T00:34:16.438084226Z","buildId":"a0ac0319-3a9e-4d1e-b4fa-864a0aecf601","sourceToken":"e7b4070e-69e0-4562-a390-99fe812da4b9","buildName":"projects/168689086085/locations/australia-southeast1/builds/a0ac0319-3a9e-4d1e-b4fa-864a0aecf601"},"done":true,"response":{"@type":"type.googleapis.com/google.cloud.functions.v1.CloudFunction","name":"projects/code-zero-labs/locations/australia-southeast1/functions/deletePaymentMethod","httpsTrigger":{"url":"https://australia-southeast1-code-zero-labs.cloudfunctions.net/deletePaymentMethod","securityLevel":"SECURE_ALWAYS"},"status":"ACTIVE","entryPoint":"deletePaymentMethod","timeout":"60s","availableMemoryMb":256,"serviceAccountEmail":"code-zero-labs@appspot.gserviceaccount.com","updateTime":"2026-05-08T00:34:02.784382296Z","versionId":"1","labels":{"firebase-functions-hash":"410d984c064c03043eccca1f310c0a6d9d0d1697","deployment-tool":"cli-firebase","deployment-callable":"true"},"sourceUploadUrl":"https://storage.googleapis.com/uploads-33856662241.australia-southeast1.cloudfunctions.appspot.com/b39652ef-05d7-46f1-8724-276f7604fadb.zip","environmentVariables":{"FIREBASE_CONFIG":"{\"projectId\":\"code-zero-labs\",\"storageBucket\":\"code-zero-labs.firebasestorage.app\"}","GCLOUD_PROJECT":"code-zero-labs","EVENTARC_CLOUD_EVENT_SOURCE":"projects/code-zero-labs/locations/australia-southeast1/functions/deletePaymentMethod"},"runtime":"nodejs20","ingressSettings":"ALLOW_ALL","buildId":"a0ac0319-3a9e-4d1e-b4fa-864a0aecf601","buildEnvironmentVariables":{"GOOGLE_NODE_RUN_SCRIPTS":""},"buildName":"projects/168689086085/locations/australia-southeast1/builds/a0ac0319-3a9e-4d1e-b4fa-864a0aecf601","dockerRegistry":"ARTIFACT_REGISTRY","automaticUpdatePolicy":{},"buildServiceAccount":"projects/code-zero-labs/serviceAccounts/168689086085-compute@developer.gserviceaccount.com","satisfiesPzs":true,"satisfiesPzi":true}}
[debug] [2026-05-08T00:34:20.749Z] Got source token e7b4070e-69e0-4562-a390-99fe812da4b9 for region australia-southeast1
[debug] [2026-05-08T00:34:20.753Z] Checked if tokens are valid: true, expires at: 1778201409725
[debug] [2026-05-08T00:34:20.754Z] Checked if tokens are valid: true, expires at: 1778201409725
[debug] [2026-05-08T00:34:20.754Z] >>> [apiv2][query] POST https://cloudfunctions.googleapis.com/v1/projects/code-zero-labs/locations/australia-southeast1/functions/deletePaymentMethod:setIamPolicy [none]
[debug] [2026-05-08T00:34:20.754Z] >>> [apiv2][body] POST https://cloudfunctions.googleapis.com/v1/projects/code-zero-labs/locations/australia-southeast1/functions/deletePaymentMethod:setIamPolicy {"policy":{"bindings":[{"role":"roles/cloudfunctions.invoker","members":["allUsers"]}],"etag":"","version":3},"updateMask":"bindings,etag,version"}
[debug] [2026-05-08T00:34:21.013Z] <<< [apiv2][status] GET https://cloudfunctions.googleapis.com/v1/operations/cHJvamVjdHMvY29kZS16ZXJvLWxhYnMvbG9jYXRpb25zL2F1c3RyYWxpYS1zb3V0aGVhc3QxL29wZXJhdGlvbnMvb3BlcmF0aW9uLTE3NzgyMDA0NDI0MzktNjUxNDM4ZGI2MDdjMi1jZDRkZDY3My01ZDQzNDQzMA 200
[debug] [2026-05-08T00:34:21.014Z] <<< [apiv2][body] GET https://cloudfunctions.googleapis.com/v1/operations/cHJvamVjdHMvY29kZS16ZXJvLWxhYnMvbG9jYXRpb25zL2F1c3RyYWxpYS1zb3V0aGVhc3QxL29wZXJhdGlvbnMvb3BlcmF0aW9uLTE3NzgyMDA0NDI0MzktNjUxNDM4ZGI2MDdjMi1jZDRkZDY3My01ZDQzNDQzMA {"name":"operations/cHJvamVjdHMvY29kZS16ZXJvLWxhYnMvbG9jYXRpb25zL2F1c3RyYWxpYS1zb3V0aGVhc3QxL29wZXJhdGlvbnMvb3BlcmF0aW9uLTE3NzgyMDA0NDI0MzktNjUxNDM4ZGI2MDdjMi1jZDRkZDY3My01ZDQzNDQzMA","metadata":{"@type":"type.googleapis.com/google.cloud.functions.v1.OperationMetadataV1","target":"projects/code-zero-labs/locations/australia-southeast1/functions/crmHealth","type":"CREATE_FUNCTION","request":{"@type":"type.googleapis.com/google.cloud.functions.v1.CloudFunction","name":"projects/code-zero-labs/locations/australia-southeast1/functions/crmHealth","httpsTrigger":{"securityLevel":"SECURE_ALWAYS"},"entryPoint":"crmHealth","updateTime":"1970-01-01T00:00:00Z","labels":{"deployment-tool":"cli-firebase","firebase-functions-hash":"410d984c064c03043eccca1f310c0a6d9d0d1697"},"sourceUploadUrl":"https://storage.googleapis.com/uploads-33856662241.australia-southeast1.cloudfunctions.appspot.com/b39652ef-05d7-46f1-8724-276f7604fadb.zip?GoogleAccessId=service-168689086085@gcf-admin-robot.iam.gserviceaccount.com&Expires=1778202140&Signature=nJXd0c5pKuQwRgIct3drN5046Yle0EiiASLmY6fwSyuJN0WuDFqH5%2F6ql62KR49kw50upChn47NmOH5dRn6ITOFBH71ehpTy03ORUrlkzh1vaSVOsmLQw1GXZvycmcv5BqBmjUb8QdCGPc1nI9NLYNqDSNOs%2BJWlttGGKzzA5vxH5oxaLLxwf38DXkEwN4pOY1T2jZNPuJ0T%2BnMdaynCNzv2gTrgUKXYLMJgj9dY6S1mNBm1N%2BqGJolZc%2FHuL0pV0lorA8T3GiLX1SRqQ6aqVvmbGkVx8UzWb63u8iVO1T1CYTOvTFkgaELHuio0VxuX8IkukqqIuI62CXGdhcOlJA%3D%3D","environmentVariables":{"FIREBASE_CONFIG":"{\"projectId\":\"code-zero-labs\",\"storageBucket\":\"code-zero-labs.firebasestorage.app\"}","GCLOUD_PROJECT":"code-zero-labs","EVENTARC_CLOUD_EVENT_SOURCE":"projects/code-zero-labs/locations/australia-southeast1/functions/crmHealth"},"runtime":"nodejs20","buildEnvironmentVariables":{"GOOGLE_NODE_RUN_SCRIPTS":""},"sourceToken":"e7b4070e-69e0-4562-a390-99fe812da4b9","dockerRegistry":"ARTIFACT_REGISTRY"},"versionId":"1","updateTime":"2026-05-08T00:34:02.952316433Z","buildId":"a0ac0319-3a9e-4d1e-b4fa-864a0aecf601","sourceToken":"e7b4070e-69e0-4562-a390-99fe812da4b9","buildName":"projects/168689086085/locations/australia-southeast1/builds/a0ac0319-3a9e-4d1e-b4fa-864a0aecf601"}}
[debug] [2026-05-08T00:34:21.015Z] Got source token e7b4070e-69e0-4562-a390-99fe812da4b9 for region australia-southeast1
[debug] [2026-05-08T00:34:21.503Z] <<< [apiv2][status] POST https://cloudfunctions.googleapis.com/v1/projects/code-zero-labs/locations/australia-southeast1/functions/deletePaymentMethod:setIamPolicy 200
[debug] [2026-05-08T00:34:21.504Z] <<< [apiv2][body] POST https://cloudfunctions.googleapis.com/v1/projects/code-zero-labs/locations/australia-southeast1/functions/deletePaymentMethod:setIamPolicy {"version":1,"etag":"BwZRQ47XIgE=","bindings":[{"role":"roles/cloudfunctions.invoker","members":["allUsers"]}]}
[info] ✔  functions[deletePaymentMethod(australia-southeast1)] Successful create operation. 
[debug] [2026-05-08T00:34:22.238Z] [create-default-australia-southeast1-updatePaymentMethod] Retrying task index 0
[debug] [2026-05-08T00:34:22.239Z] Checked if tokens are valid: true, expires at: 1778201409725
[debug] [2026-05-08T00:34:22.239Z] Checked if tokens are valid: true, expires at: 1778201409725
[debug] [2026-05-08T00:34:22.239Z] >>> [apiv2][query] GET https://cloudfunctions.googleapis.com/v1/operations/cHJvamVjdHMvY29kZS16ZXJvLWxhYnMvbG9jYXRpb25zL2F1c3RyYWxpYS1zb3V0aGVhc3QxL29wZXJhdGlvbnMvb3BlcmF0aW9uLTE3NzgyMDAzNjAxOTctNjUxNDM4OGNmMWJhOC05ODE1MzgwNy1kMTIxZGM1Zg [none]
[debug] [2026-05-08T00:34:22.601Z] <<< [apiv2][status] GET https://cloudfunctions.googleapis.com/v1/operations/cHJvamVjdHMvY29kZS16ZXJvLWxhYnMvbG9jYXRpb25zL2F1c3RyYWxpYS1zb3V0aGVhc3QxL29wZXJhdGlvbnMvb3BlcmF0aW9uLTE3NzgyMDAzNjAxOTctNjUxNDM4OGNmMWJhOC05ODE1MzgwNy1kMTIxZGM1Zg 200
[debug] [2026-05-08T00:34:22.602Z] <<< [apiv2][body] GET https://cloudfunctions.googleapis.com/v1/operations/cHJvamVjdHMvY29kZS16ZXJvLWxhYnMvbG9jYXRpb25zL2F1c3RyYWxpYS1zb3V0aGVhc3QxL29wZXJhdGlvbnMvb3BlcmF0aW9uLTE3NzgyMDAzNjAxOTctNjUxNDM4OGNmMWJhOC05ODE1MzgwNy1kMTIxZGM1Zg {"name":"operations/cHJvamVjdHMvY29kZS16ZXJvLWxhYnMvbG9jYXRpb25zL2F1c3RyYWxpYS1zb3V0aGVhc3QxL29wZXJhdGlvbnMvb3BlcmF0aW9uLTE3NzgyMDAzNjAxOTctNjUxNDM4OGNmMWJhOC05ODE1MzgwNy1kMTIxZGM1Zg","metadata":{"@type":"type.googleapis.com/google.cloud.functions.v1.OperationMetadataV1","target":"projects/code-zero-labs/locations/australia-southeast1/functions/updatePaymentMethod","type":"CREATE_FUNCTION","request":{"@type":"type.googleapis.com/google.cloud.functions.v1.CloudFunction","name":"projects/code-zero-labs/locations/australia-southeast1/functions/updatePaymentMethod","httpsTrigger":{"securityLevel":"SECURE_ALWAYS"},"entryPoint":"updatePaymentMethod","updateTime":"1970-01-01T00:00:00Z","labels":{"deployment-tool":"cli-firebase","deployment-callable":"true","firebase-functions-hash":"410d984c064c03043eccca1f310c0a6d9d0d1697"},"sourceUploadUrl":"https://storage.googleapis.com/uploads-33856662241.australia-southeast1.cloudfunctions.appspot.com/b39652ef-05d7-46f1-8724-276f7604fadb.zip?GoogleAccessId=service-168689086085@gcf-admin-robot.iam.gserviceaccount.com&Expires=1778202140&Signature=nJXd0c5pKuQwRgIct3drN5046Yle0EiiASLmY6fwSyuJN0WuDFqH5%2F6ql62KR49kw50upChn47NmOH5dRn6ITOFBH71ehpTy03ORUrlkzh1vaSVOsmLQw1GXZvycmcv5BqBmjUb8QdCGPc1nI9NLYNqDSNOs%2BJWlttGGKzzA5vxH5oxaLLxwf38DXkEwN4pOY1T2jZNPuJ0T%2BnMdaynCNzv2gTrgUKXYLMJgj9dY6S1mNBm1N%2BqGJolZc%2FHuL0pV0lorA8T3GiLX1SRqQ6aqVvmbGkVx8UzWb63u8iVO1T1CYTOvTFkgaELHuio0VxuX8IkukqqIuI62CXGdhcOlJA%3D%3D","environmentVariables":{"FIREBASE_CONFIG":"{\"projectId\":\"code-zero-labs\",\"storageBucket\":\"code-zero-labs.firebasestorage.app\"}","GCLOUD_PROJECT":"code-zero-labs","EVENTARC_CLOUD_EVENT_SOURCE":"projects/code-zero-labs/locations/australia-southeast1/functions/updatePaymentMethod"},"runtime":"nodejs20","buildEnvironmentVariables":{"GOOGLE_NODE_RUN_SCRIPTS":""},"dockerRegistry":"ARTIFACT_REGISTRY"},"versionId":"1","updateTime":"2026-05-08T00:32:40.786486075Z","buildId":"a0ac0319-3a9e-4d1e-b4fa-864a0aecf601","sourceToken":"e7b4070e-69e0-4562-a390-99fe812da4b9","buildName":"projects/168689086085/locations/australia-southeast1/builds/a0ac0319-3a9e-4d1e-b4fa-864a0aecf601"}}
[debug] [2026-05-08T00:34:22.602Z] Got source token e7b4070e-69e0-4562-a390-99fe812da4b9 for region australia-southeast1
[debug] [2026-05-08T00:34:31.017Z] [create-default-australia-southeast1-crmHealth] Retrying task index 0
[debug] [2026-05-08T00:34:31.018Z] Checked if tokens are valid: true, expires at: 1778201409725
[debug] [2026-05-08T00:34:31.018Z] Checked if tokens are valid: true, expires at: 1778201409725
[debug] [2026-05-08T00:34:31.019Z] >>> [apiv2][query] GET https://cloudfunctions.googleapis.com/v1/operations/cHJvamVjdHMvY29kZS16ZXJvLWxhYnMvbG9jYXRpb25zL2F1c3RyYWxpYS1zb3V0aGVhc3QxL29wZXJhdGlvbnMvb3BlcmF0aW9uLTE3NzgyMDA0NDI0MzktNjUxNDM4ZGI2MDdjMi1jZDRkZDY3My01ZDQzNDQzMA [none]
[debug] [2026-05-08T00:34:31.533Z] <<< [apiv2][status] GET https://cloudfunctions.googleapis.com/v1/operations/cHJvamVjdHMvY29kZS16ZXJvLWxhYnMvbG9jYXRpb25zL2F1c3RyYWxpYS1zb3V0aGVhc3QxL29wZXJhdGlvbnMvb3BlcmF0aW9uLTE3NzgyMDA0NDI0MzktNjUxNDM4ZGI2MDdjMi1jZDRkZDY3My01ZDQzNDQzMA 200
[debug] [2026-05-08T00:34:31.533Z] <<< [apiv2][body] GET https://cloudfunctions.googleapis.com/v1/operations/cHJvamVjdHMvY29kZS16ZXJvLWxhYnMvbG9jYXRpb25zL2F1c3RyYWxpYS1zb3V0aGVhc3QxL29wZXJhdGlvbnMvb3BlcmF0aW9uLTE3NzgyMDA0NDI0MzktNjUxNDM4ZGI2MDdjMi1jZDRkZDY3My01ZDQzNDQzMA {"name":"operations/cHJvamVjdHMvY29kZS16ZXJvLWxhYnMvbG9jYXRpb25zL2F1c3RyYWxpYS1zb3V0aGVhc3QxL29wZXJhdGlvbnMvb3BlcmF0aW9uLTE3NzgyMDA0NDI0MzktNjUxNDM4ZGI2MDdjMi1jZDRkZDY3My01ZDQzNDQzMA","metadata":{"@type":"type.googleapis.com/google.cloud.functions.v1.OperationMetadataV1","target":"projects/code-zero-labs/locations/australia-southeast1/functions/crmHealth","type":"CREATE_FUNCTION","request":{"@type":"type.googleapis.com/google.cloud.functions.v1.CloudFunction","name":"projects/code-zero-labs/locations/australia-southeast1/functions/crmHealth","httpsTrigger":{"securityLevel":"SECURE_ALWAYS"},"entryPoint":"crmHealth","updateTime":"1970-01-01T00:00:00Z","labels":{"deployment-tool":"cli-firebase","firebase-functions-hash":"410d984c064c03043eccca1f310c0a6d9d0d1697"},"sourceUploadUrl":"https://storage.googleapis.com/uploads-33856662241.australia-southeast1.cloudfunctions.appspot.com/b39652ef-05d7-46f1-8724-276f7604fadb.zip?GoogleAccessId=service-168689086085@gcf-admin-robot.iam.gserviceaccount.com&Expires=1778202140&Signature=nJXd0c5pKuQwRgIct3drN5046Yle0EiiASLmY6fwSyuJN0WuDFqH5%2F6ql62KR49kw50upChn47NmOH5dRn6ITOFBH71ehpTy03ORUrlkzh1vaSVOsmLQw1GXZvycmcv5BqBmjUb8QdCGPc1nI9NLYNqDSNOs%2BJWlttGGKzzA5vxH5oxaLLxwf38DXkEwN4pOY1T2jZNPuJ0T%2BnMdaynCNzv2gTrgUKXYLMJgj9dY6S1mNBm1N%2BqGJolZc%2FHuL0pV0lorA8T3GiLX1SRqQ6aqVvmbGkVx8UzWb63u8iVO1T1CYTOvTFkgaELHuio0VxuX8IkukqqIuI62CXGdhcOlJA%3D%3D","environmentVariables":{"FIREBASE_CONFIG":"{\"projectId\":\"code-zero-labs\",\"storageBucket\":\"code-zero-labs.firebasestorage.app\"}","GCLOUD_PROJECT":"code-zero-labs","EVENTARC_CLOUD_EVENT_SOURCE":"projects/code-zero-labs/locations/australia-southeast1/functions/crmHealth"},"runtime":"nodejs20","buildEnvironmentVariables":{"GOOGLE_NODE_RUN_SCRIPTS":""},"sourceToken":"e7b4070e-69e0-4562-a390-99fe812da4b9","dockerRegistry":"ARTIFACT_REGISTRY"},"versionId":"1","updateTime":"2026-05-08T00:34:23.228656829Z","buildId":"a0ac0319-3a9e-4d1e-b4fa-864a0aecf601","sourceToken":"e7b4070e-69e0-4562-a390-99fe812da4b9","buildName":"projects/168689086085/locations/australia-southeast1/builds/a0ac0319-3a9e-4d1e-b4fa-864a0aecf601"},"done":true,"response":{"@type":"type.googleapis.com/google.cloud.functions.v1.CloudFunction","name":"projects/code-zero-labs/locations/australia-southeast1/functions/crmHealth","httpsTrigger":{"url":"https://australia-southeast1-code-zero-labs.cloudfunctions.net/crmHealth","securityLevel":"SECURE_ALWAYS"},"status":"ACTIVE","entryPoint":"crmHealth","timeout":"60s","availableMemoryMb":256,"serviceAccountEmail":"code-zero-labs@appspot.gserviceaccount.com","updateTime":"2026-05-08T00:34:02.945441386Z","versionId":"1","labels":{"deployment-tool":"cli-firebase","firebase-functions-hash":"410d984c064c03043eccca1f310c0a6d9d0d1697"},"sourceUploadUrl":"https://storage.googleapis.com/uploads-33856662241.australia-southeast1.cloudfunctions.appspot.com/b39652ef-05d7-46f1-8724-276f7604fadb.zip","environmentVariables":{"FIREBASE_CONFIG":"{\"projectId\":\"code-zero-labs\",\"storageBucket\":\"code-zero-labs.firebasestorage.app\"}","GCLOUD_PROJECT":"code-zero-labs","EVENTARC_CLOUD_EVENT_SOURCE":"projects/code-zero-labs/locations/australia-southeast1/functions/crmHealth"},"runtime":"nodejs20","ingressSettings":"ALLOW_ALL","buildId":"a0ac0319-3a9e-4d1e-b4fa-864a0aecf601","buildEnvironmentVariables":{"GOOGLE_NODE_RUN_SCRIPTS":""},"buildName":"projects/168689086085/locations/australia-southeast1/builds/a0ac0319-3a9e-4d1e-b4fa-864a0aecf601","dockerRegistry":"ARTIFACT_REGISTRY","automaticUpdatePolicy":{},"buildServiceAccount":"projects/code-zero-labs/serviceAccounts/168689086085-compute@developer.gserviceaccount.com","satisfiesPzs":true,"satisfiesPzi":true}}
[debug] [2026-05-08T00:34:31.533Z] Got source token e7b4070e-69e0-4562-a390-99fe812da4b9 for region australia-southeast1
[debug] [2026-05-08T00:34:31.535Z] Checked if tokens are valid: true, expires at: 1778201409725
[debug] [2026-05-08T00:34:31.536Z] Checked if tokens are valid: true, expires at: 1778201409725
[debug] [2026-05-08T00:34:31.536Z] >>> [apiv2][query] POST https://cloudfunctions.googleapis.com/v1/projects/code-zero-labs/locations/australia-southeast1/functions/crmHealth:setIamPolicy [none]
[debug] [2026-05-08T00:34:31.536Z] >>> [apiv2][body] POST https://cloudfunctions.googleapis.com/v1/projects/code-zero-labs/locations/australia-southeast1/functions/crmHealth:setIamPolicy {"policy":{"bindings":[{"role":"roles/cloudfunctions.invoker","members":["allUsers"]}],"etag":"","version":3},"updateMask":"bindings,etag,version"}
[debug] [2026-05-08T00:34:32.292Z] <<< [apiv2][status] POST https://cloudfunctions.googleapis.com/v1/projects/code-zero-labs/locations/australia-southeast1/functions/crmHealth:setIamPolicy 200
[debug] [2026-05-08T00:34:32.293Z] <<< [apiv2][body] POST https://cloudfunctions.googleapis.com/v1/projects/code-zero-labs/locations/australia-southeast1/functions/crmHealth:setIamPolicy {"version":1,"etag":"BwZRQ497yQI=","bindings":[{"role":"roles/cloudfunctions.invoker","members":["allUsers"]}]}
[info] ✔  functions[crmHealth(australia-southeast1)] Successful create operation. 
[debug] [2026-05-08T00:34:32.604Z] [create-default-australia-southeast1-updatePaymentMethod] Retrying task index 0
[debug] [2026-05-08T00:34:32.605Z] Checked if tokens are valid: true, expires at: 1778201409725
[debug] [2026-05-08T00:34:32.605Z] Checked if tokens are valid: true, expires at: 1778201409725
[debug] [2026-05-08T00:34:32.606Z] >>> [apiv2][query] GET https://cloudfunctions.googleapis.com/v1/operations/cHJvamVjdHMvY29kZS16ZXJvLWxhYnMvbG9jYXRpb25zL2F1c3RyYWxpYS1zb3V0aGVhc3QxL29wZXJhdGlvbnMvb3BlcmF0aW9uLTE3NzgyMDAzNjAxOTctNjUxNDM4OGNmMWJhOC05ODE1MzgwNy1kMTIxZGM1Zg [none]
[debug] [2026-05-08T00:34:32.946Z] <<< [apiv2][status] GET https://cloudfunctions.googleapis.com/v1/operations/cHJvamVjdHMvY29kZS16ZXJvLWxhYnMvbG9jYXRpb25zL2F1c3RyYWxpYS1zb3V0aGVhc3QxL29wZXJhdGlvbnMvb3BlcmF0aW9uLTE3NzgyMDAzNjAxOTctNjUxNDM4OGNmMWJhOC05ODE1MzgwNy1kMTIxZGM1Zg 200
[debug] [2026-05-08T00:34:32.946Z] <<< [apiv2][body] GET https://cloudfunctions.googleapis.com/v1/operations/cHJvamVjdHMvY29kZS16ZXJvLWxhYnMvbG9jYXRpb25zL2F1c3RyYWxpYS1zb3V0aGVhc3QxL29wZXJhdGlvbnMvb3BlcmF0aW9uLTE3NzgyMDAzNjAxOTctNjUxNDM4OGNmMWJhOC05ODE1MzgwNy1kMTIxZGM1Zg {"name":"operations/cHJvamVjdHMvY29kZS16ZXJvLWxhYnMvbG9jYXRpb25zL2F1c3RyYWxpYS1zb3V0aGVhc3QxL29wZXJhdGlvbnMvb3BlcmF0aW9uLTE3NzgyMDAzNjAxOTctNjUxNDM4OGNmMWJhOC05ODE1MzgwNy1kMTIxZGM1Zg","metadata":{"@type":"type.googleapis.com/google.cloud.functions.v1.OperationMetadataV1","target":"projects/code-zero-labs/locations/australia-southeast1/functions/updatePaymentMethod","type":"CREATE_FUNCTION","request":{"@type":"type.googleapis.com/google.cloud.functions.v1.CloudFunction","name":"projects/code-zero-labs/locations/australia-southeast1/functions/updatePaymentMethod","httpsTrigger":{"securityLevel":"SECURE_ALWAYS"},"entryPoint":"updatePaymentMethod","updateTime":"1970-01-01T00:00:00Z","labels":{"deployment-tool":"cli-firebase","deployment-callable":"true","firebase-functions-hash":"410d984c064c03043eccca1f310c0a6d9d0d1697"},"sourceUploadUrl":"https://storage.googleapis.com/uploads-33856662241.australia-southeast1.cloudfunctions.appspot.com/b39652ef-05d7-46f1-8724-276f7604fadb.zip?GoogleAccessId=service-168689086085@gcf-admin-robot.iam.gserviceaccount.com&Expires=1778202140&Signature=nJXd0c5pKuQwRgIct3drN5046Yle0EiiASLmY6fwSyuJN0WuDFqH5%2F6ql62KR49kw50upChn47NmOH5dRn6ITOFBH71ehpTy03ORUrlkzh1vaSVOsmLQw1GXZvycmcv5BqBmjUb8QdCGPc1nI9NLYNqDSNOs%2BJWlttGGKzzA5vxH5oxaLLxwf38DXkEwN4pOY1T2jZNPuJ0T%2BnMdaynCNzv2gTrgUKXYLMJgj9dY6S1mNBm1N%2BqGJolZc%2FHuL0pV0lorA8T3GiLX1SRqQ6aqVvmbGkVx8UzWb63u8iVO1T1CYTOvTFkgaELHuio0VxuX8IkukqqIuI62CXGdhcOlJA%3D%3D","environmentVariables":{"FIREBASE_CONFIG":"{\"projectId\":\"code-zero-labs\",\"storageBucket\":\"code-zero-labs.firebasestorage.app\"}","GCLOUD_PROJECT":"code-zero-labs","EVENTARC_CLOUD_EVENT_SOURCE":"projects/code-zero-labs/locations/australia-southeast1/functions/updatePaymentMethod"},"runtime":"nodejs20","buildEnvironmentVariables":{"GOOGLE_NODE_RUN_SCRIPTS":""},"dockerRegistry":"ARTIFACT_REGISTRY"},"versionId":"1","updateTime":"2026-05-08T00:34:26.120827341Z","buildId":"a0ac0319-3a9e-4d1e-b4fa-864a0aecf601","sourceToken":"e7b4070e-69e0-4562-a390-99fe812da4b9","buildName":"projects/168689086085/locations/australia-southeast1/builds/a0ac0319-3a9e-4d1e-b4fa-864a0aecf601"},"done":true,"response":{"@type":"type.googleapis.com/google.cloud.functions.v1.CloudFunction","name":"projects/code-zero-labs/locations/australia-southeast1/functions/updatePaymentMethod","httpsTrigger":{"url":"https://australia-southeast1-code-zero-labs.cloudfunctions.net/updatePaymentMethod","securityLevel":"SECURE_ALWAYS"},"status":"ACTIVE","entryPoint":"updatePaymentMethod","timeout":"60s","availableMemoryMb":256,"serviceAccountEmail":"code-zero-labs@appspot.gserviceaccount.com","updateTime":"2026-05-08T00:32:40.780912960Z","versionId":"1","labels":{"deployment-callable":"true","firebase-functions-hash":"410d984c064c03043eccca1f310c0a6d9d0d1697","deployment-tool":"cli-firebase"},"sourceUploadUrl":"https://storage.googleapis.com/uploads-33856662241.australia-southeast1.cloudfunctions.appspot.com/b39652ef-05d7-46f1-8724-276f7604fadb.zip","environmentVariables":{"FIREBASE_CONFIG":"{\"projectId\":\"code-zero-labs\",\"storageBucket\":\"code-zero-labs.firebasestorage.app\"}","GCLOUD_PROJECT":"code-zero-labs","EVENTARC_CLOUD_EVENT_SOURCE":"projects/code-zero-labs/locations/australia-southeast1/functions/updatePaymentMethod"},"runtime":"nodejs20","ingressSettings":"ALLOW_ALL","buildId":"a0ac0319-3a9e-4d1e-b4fa-864a0aecf601","buildEnvironmentVariables":{"GOOGLE_NODE_RUN_SCRIPTS":""},"buildName":"projects/168689086085/locations/australia-southeast1/builds/a0ac0319-3a9e-4d1e-b4fa-864a0aecf601","dockerRegistry":"ARTIFACT_REGISTRY","automaticUpdatePolicy":{},"buildServiceAccount":"projects/code-zero-labs/serviceAccounts/168689086085-compute@developer.gserviceaccount.com","satisfiesPzs":true,"satisfiesPzi":true}}
[debug] [2026-05-08T00:34:32.946Z] Got source token e7b4070e-69e0-4562-a390-99fe812da4b9 for region australia-southeast1
[debug] [2026-05-08T00:34:32.947Z] Checked if tokens are valid: true, expires at: 1778201409725
[debug] [2026-05-08T00:34:32.947Z] Checked if tokens are valid: true, expires at: 1778201409725
[debug] [2026-05-08T00:34:32.948Z] >>> [apiv2][query] POST https://cloudfunctions.googleapis.com/v1/projects/code-zero-labs/locations/australia-southeast1/functions/updatePaymentMethod:setIamPolicy [none]
[debug] [2026-05-08T00:34:32.948Z] >>> [apiv2][body] POST https://cloudfunctions.googleapis.com/v1/projects/code-zero-labs/locations/australia-southeast1/functions/updatePaymentMethod:setIamPolicy {"policy":{"bindings":[{"role":"roles/cloudfunctions.invoker","members":["allUsers"]}],"etag":"","version":3},"updateMask":"bindings,etag,version"}
[debug] [2026-05-08T00:34:33.693Z] <<< [apiv2][status] POST https://cloudfunctions.googleapis.com/v1/projects/code-zero-labs/locations/australia-southeast1/functions/updatePaymentMethod:setIamPolicy 200
[debug] [2026-05-08T00:34:33.693Z] <<< [apiv2][body] POST https://cloudfunctions.googleapis.com/v1/projects/code-zero-labs/locations/australia-southeast1/functions/updatePaymentMethod:setIamPolicy {"version":1,"etag":"BwZRQ4+QqSY=","bindings":[{"role":"roles/cloudfunctions.invoker","members":["allUsers"]}]}
[info] ✔  functions[updatePaymentMethod(australia-southeast1)] Successful create operation. 
[info] i  functions: deleting Node.js 20 (1st Gen) function updatePaymentMethod(us-central1)... 
[debug] [2026-05-08T00:34:33.699Z] Checked if tokens are valid: true, expires at: 1778201409725
[debug] [2026-05-08T00:34:33.699Z] Checked if tokens are valid: true, expires at: 1778201409725
[debug] [2026-05-08T00:34:33.700Z] >>> [apiv2][query] DELETE https://cloudfunctions.googleapis.com/v1/projects/code-zero-labs/locations/us-central1/functions/updatePaymentMethod [none]
[debug] [2026-05-08T00:34:34.484Z] <<< [apiv2][status] DELETE https://cloudfunctions.googleapis.com/v1/projects/code-zero-labs/locations/us-central1/functions/updatePaymentMethod 404
[debug] [2026-05-08T00:34:34.485Z] <<< [apiv2][body] DELETE https://cloudfunctions.googleapis.com/v1/projects/code-zero-labs/locations/us-central1/functions/updatePaymentMethod {"error":{"code":404,"message":"Resource 'projects/code-zero-labs/locations/us-central1/functions/updatePaymentMethod' was not found","status":"NOT_FOUND","details":[{"@type":"type.googleapis.com/google.rpc.ResourceInfo","resourceName":"projects/code-zero-labs/locations/us-central1/functions/updatePaymentMethod"}]}}
[warn] ⚠  functions: failed to delete function projects/code-zero-labs/locations/us-central1/functions/updatePaymentMethod 
[error] Failed to delete function projects/code-zero-labs/locations/us-central1/functions/updatePaymentMethod
[debug] [2026-05-08T00:34:34.511Z] Total Function Deployment time: 114773
[debug] [2026-05-08T00:34:34.511Z] 4 Functions Deployed
[debug] [2026-05-08T00:34:34.511Z] 1 Functions Errored
[debug] [2026-05-08T00:34:34.511Z] 0 Function Deployments Aborted
[debug] [2026-05-08T00:34:34.511Z] Average Function Deployment time: 82280
[info] 
[info] Functions deploy had errors with the following functions:
	updatePaymentMethod(us-central1)
[info] Function URL (crmHealth(australia-southeast1)): https://australia-southeast1-code-zero-labs.cloudfunctions.net/crmHealth
[debug] [2026-05-08T00:34:34.814Z] Checked if tokens are valid: true, expires at: 1778201409725
[debug] [2026-05-08T00:34:34.815Z] Checked if tokens are valid: true, expires at: 1778201409725
[debug] [2026-05-08T00:34:34.815Z] >>> [apiv2][query] GET https://artifactregistry.googleapis.com/v1/projects/code-zero-labs/locations/australia-southeast1/repositories/gcf-artifacts [none]
[debug] [2026-05-08T00:34:35.829Z] <<< [apiv2][status] GET https://artifactregistry.googleapis.com/v1/projects/code-zero-labs/locations/australia-southeast1/repositories/gcf-artifacts 200
[debug] [2026-05-08T00:34:35.829Z] <<< [apiv2][body] GET https://artifactregistry.googleapis.com/v1/projects/code-zero-labs/locations/australia-southeast1/repositories/gcf-artifacts {"name":"projects/code-zero-labs/locations/australia-southeast1/repositories/gcf-artifacts","format":"DOCKER","description":"This repository is created and used by Cloud Functions for storing function docker images.","labels":{"goog-managed-by":"cloudfunctions"},"createTime":"2026-05-08T00:32:58.639223Z","updateTime":"2026-05-08T00:33:47.506426Z","mode":"STANDARD_REPOSITORY","sizeBytes":"515146925","satisfiesPzs":true,"vulnerabilityScanningConfig":{"lastEnableTime":"2026-05-08T00:32:46.310549664Z","enablementState":"SCANNING_DISABLED","enablementStateReason":"API containerscanning.googleapis.com is not enabled."},"satisfiesPzi":true,"registryUri":"australia-southeast1-docker.pkg.dev/code-zero-labs/gcf-artifacts"}
[warn] ⚠  functions: No cleanup policy detected for repositories in australia-southeast1. This may result in a small monthly bill as container images accumulate over time. 
[info] i  functions: Configuring cleanup policy for repository in australia-southeast1. Images older than 30 days will be automatically deleted. 
[debug] [2026-05-08T00:35:14.308Z] Setting up artifact cleanup policy for region australia-southeast1
[debug] [2026-05-08T00:35:14.309Z] Checked if tokens are valid: false, expires at: 1778201409725
[debug] [2026-05-08T00:35:14.310Z] Checked if tokens are valid: false, expires at: 1778201409725
[debug] [2026-05-08T00:35:14.311Z] > refreshing access token with scopes: []
[debug] [2026-05-08T00:35:14.313Z] >>> [apiv2][query] POST https://www.googleapis.com/oauth2/v3/token [none]
[debug] [2026-05-08T00:35:14.313Z] >>> [apiv2][body] POST https://www.googleapis.com/oauth2/v3/token [omitted]
[debug] [2026-05-08T00:35:14.655Z] <<< [apiv2][status] POST https://www.googleapis.com/oauth2/v3/token 200
[debug] [2026-05-08T00:35:14.655Z] <<< [apiv2][body] POST https://www.googleapis.com/oauth2/v3/token [omitted]
[debug] [2026-05-08T00:35:14.681Z] >>> [apiv2][query] PATCH https://artifactregistry.googleapis.com/v1/projects/code-zero-labs/locations/australia-southeast1/repositories/gcf-artifacts updateMask=name%2CcleanupPolicies%2CcleanupPolicyDryRun%2Clabels
[debug] [2026-05-08T00:35:14.681Z] >>> [apiv2][body] PATCH https://artifactregistry.googleapis.com/v1/projects/code-zero-labs/locations/australia-southeast1/repositories/gcf-artifacts {"name":"projects/code-zero-labs/locations/australia-southeast1/repositories/gcf-artifacts","cleanupPolicies":{"firebase-functions-cleanup":{"id":"firebase-functions-cleanup","condition":{"tagState":"ANY","olderThan":"2592000s"},"action":"DELETE"}},"cleanupPolicyDryRun":false,"labels":{"goog-managed-by":"cloudfunctions"}}
[debug] [2026-05-08T00:35:15.672Z] <<< [apiv2][status] PATCH https://artifactregistry.googleapis.com/v1/projects/code-zero-labs/locations/australia-southeast1/repositories/gcf-artifacts 200
[debug] [2026-05-08T00:35:15.673Z] <<< [apiv2][body] PATCH https://artifactregistry.googleapis.com/v1/projects/code-zero-labs/locations/australia-southeast1/repositories/gcf-artifacts {"name":"projects/code-zero-labs/locations/australia-southeast1/repositories/gcf-artifacts","format":"DOCKER","description":"This repository is created and used by Cloud Functions for storing function docker images.","labels":{"goog-managed-by":"cloudfunctions"},"createTime":"2026-05-08T00:32:58.639223Z","updateTime":"2026-05-08T00:35:15.651945Z","mode":"STANDARD_REPOSITORY","cleanupPolicies":{"firebase-functions-cleanup":{"id":"firebase-functions-cleanup","action":"DELETE","condition":{"tagState":"ANY","olderThan":"2592000s"}}},"satisfiesPzs":true,"vulnerabilityScanningConfig":{"lastEnableTime":"2026-05-08T00:32:46.310549664Z","enablementState":"SCANNING_DISABLED","enablementStateReason":"API containerscanning.googleapis.com is not enabled."},"satisfiesPzi":true}
[info] i  functions: Configured cleanup policy for repository in australia-southeast1. 
[debug] [2026-05-08T00:35:15.676Z] Functions deploy failed.
[debug] [2026-05-08T00:35:15.676Z] {
  "endpoint": {
    "platform": "gcfv1",
    "id": "updatePaymentMethod",
    "project": "code-zero-labs",
    "region": "us-central1",
    "callableTrigger": {},
    "entryPoint": "updatePaymentMethod",
    "runtime": "nodejs20",
    "uri": "https://us-central1-code-zero-labs.cloudfunctions.net/updatePaymentMethod",
    "securityLevel": "SECURE_ALWAYS",
    "ingressSettings": "ALLOW_ALL",
    "labels": {
      "deployment-tool": "cli-firebase",
      "deployment-callable": "true",
      "firebase-functions-hash": "7dc53b3105b6fae41881596f718ed01ea3cdd87f"
    },
    "environmentVariables": {
      "FIREBASE_CONFIG": "{\"projectId\":\"code-zero-labs\",\"storageBucket\":\"code-zero-labs.firebasestorage.app\"}",
      "GCLOUD_PROJECT": "code-zero-labs",
      "EVENTARC_CLOUD_EVENT_SOURCE": "projects/code-zero-labs/locations/us-central1/functions/updatePaymentMethod"
    },
    "sourceUploadUrl": "https://storage.googleapis.com/uploads-120034738503.us-central1.cloudfunctions.appspot.com/0a76dca8-dc60-4511-9125-6f9363e16be4.zip",
    "serviceAccount": "code-zero-labs@appspot.gserviceaccount.com",
    "availableMemoryMb": 256,
    "timeoutSeconds": 60,
    "codebase": "default",
    "hash": "7dc53b3105b6fae41881596f718ed01ea3cdd87f",
    "state": "ACTIVE"
  },
  "op": "delete",
  "original": {
    "name": "FirebaseError",
    "children": [],
    "context": {
      "function": "projects/code-zero-labs/locations/us-central1/functions/updatePaymentMethod"
    },
    "exit": 1,
    "message": "Failed to delete function projects/code-zero-labs/locations/us-central1/functions/updatePaymentMethod",
    "original": {
      "name": "FirebaseError",
      "children": [],
      "context": {
        "body": {
          "error": {
            "code": 404,
            "message": "Resource 'projects/code-zero-labs/locations/us-central1/functions/updatePaymentMethod' was not found",
            "status": "NOT_FOUND",
            "details": [
              {
                "@type": "type.googleapis.com/google.rpc.ResourceInfo",
                "resourceName": "projects/code-zero-labs/locations/us-central1/functions/updatePaymentMethod"
              }
            ]
          }
        },
        "response": {
          "statusCode": 404
        }
      },
      "exit": 1,
      "message": "Request to https://cloudfunctions.googleapis.com/v1/projects/code-zero-labs/locations/us-central1/functions/updatePaymentMethod had HTTP Error: 404, Resource 'projects/code-zero-labs/locations/us-central1/functions/updatePaymentMethod' was not found",
      "status": 404
    },
    "status": 404,
    "code": 404
  }
}
[debug] [2026-05-08T00:35:15.954Z] Error: Failed to delete function updatePaymentMethod in region us-central1
    at /Users/daniel/.cache/firebase/tools/lib/node_modules/firebase-tools/lib/deploy/functions/release/fabricator.js:54:11
    at process.processTicksAndRejections (node:internal/process/task_queues:95:5)
    at async Fabricator.deleteV1Function (/Users/daniel/.cache/firebase/tools/lib/node_modules/firebase-tools/lib/deploy/functions/release/fabricator.js:497:9)
    at async Fabricator.wrapOperation (/Users/daniel/.cache/firebase/tools/lib/node_modules/firebase-tools/lib/deploy/functions/release/fabricator.js:138:13)
    at async Promise.all (index 0)
    at async Promise.allSettled (index 1)
    at async Fabricator.applyPlan (/Users/daniel/.cache/firebase/tools/lib/node_modules/firebase-tools/lib/deploy/functions/release/fabricator.js:99:36)
    at async release (/Users/daniel/.cache/firebase/tools/lib/node_modules/firebase-tools/lib/deploy/functions/release/index.js:87:21)
    at async chain (/Users/daniel/.cache/firebase/tools/lib/node_modules/firebase-tools/lib/deploy/index.js:45:9)
    at async deploy (/Users/daniel/.cache/firebase/tools/lib/node_modules/firebase-tools/lib/deploy/index.js:128:9)
[error] 
[error] Error: There was an error deploying functions
